0.52,0.51,0.53,0.52,0.52,0.52,0.53,0.53,0.75,0.65,0.6,0.56,0.54,0.53,0.52,0.52,0.51,0.51,0.51,0.51,0.51,0.51,0.51,0.51,0.51,0.51,0.51,0.51,0.51,0.51,0.51,0.51,0.51,0.51,0.51,0.51,0.51,0.51,0.51,0.54,0.58,0.65,0.75,0.87,1.0,1.13,1.27,1.4,1.53,1.66,1.79,1.9,2.01,2.13,2.22,2.28,2.3,2.28,2.2,2.08,2.07,2.16,2.26,2.39,2.44,2.44,2.42,2.39,2.26,2.08,1.96,1.79,1.47,1.14,0.89,0.74,0.65,0.6,0.75,1.08,0.96,1.49,1.96,2.58,3.04,3.41,3.78,3.94,3.95,3.69,3.08,2.2,1.58,1.47,1.52,1.62,1.67,1.68,1.65,1.58,1.52,1.45,1.38,1.31,1.24,1.18,1.13,1.09,1.05,1.0,0.97,0.93,0.89,0.85,0.82,0.81,0.79,0.8,0.82,0.87,0.92,1.0,1.08,1.19,1.3,1.44,1.57,1.72,1.85,2.0,2.15,2.31,2.46,2.61,2.75,2.88,3.04,3.24,3.41,3.5,3.59,3.71,3.8,3.85,3.88,3.93,4.01,4.06,4.11,4.16,4.13,4.0,3.75,3.5,3.27,3.1,3.0,2.74,2.57,2.59,1
0.51,0.51,0.51,0.51,0.52,0.54,0.53,0.52,0.52,0.71,0.7,0.63,0.59,0.56,0.55,0.54,0.53,0.53,0.52,0.52,0.51,0.51,0.51,0.51,0.51,0.51,0.51,0.51,0.51,0.51,0.51,0.51,0.51,0.51,0.51,0.51,0.51,0.52,0.54,0.58,0.62,0.68,0.74,0.82,0.88,0.97,1.06,1.13,1.24,1.33,1.44,1.55,1.65,1.74,1.81,1.9,1.97,2.02,2.09,2.19,2.3,2.38,2.43,2.5,2.52,2.55,2.59,2.64,2.65,2.65,2.66,2.65,2.59,2.47,2.27,2.03,1.78,1.64,1.54,1.43,0.74,1.12,1.43,1.94,2.35,2.8,3.26,3.51,3.56,3.59,3.46,2.89,2.39,1.92,1.5,1.08,0.87,0.86,0.93,1.0,1.07,1.1,1.12,1.11,1.09,1.06,1.02,1.0,1.04,1.06,1.05,1.04,1.02,1.01,1.01,1.02,1.04,1.06,1.1,1.14,1.18,1.24,1.3,1.36,1.44,1.52,1.63,1.73,1.82,1.92,2.02,2.13,2.22,2.33,2.4,2.47,2.52,2.56,2.58,2.6,2.59,2.55,2.51,2.48,2.47,2.44,2.43,2.47,2.49,2.48,2.45,2.41,2.36,2.26,2.15,2.01,1.79,1.54,1.3,1.17,1
0.51,0.51,0.52,0.54,0.53,0.54,0.54,0.53,0.6,0.84,0.73,0.65,0.64,0.63,0.62,0.6,0.57,0.55,0.53,0.52,0.52,0.51,0.51,0.51,0.51,0.51,0.51,0.51,0.51,0.51,0.51,0.51,0.51,0.51,0.51,0.51,0.51,0.51,0.51,0.51,0.51,0.51,0.51,0.51,0.51,0.51,0.51,0.51,0.51,0.51,0.51,0.51,0.52,0.53,0.54,0.56,0.58,0.62,0.66,0.7,0.73,0.76,0.79,0.81,0.83,0.85,0.85,0.86,0.87,0.87,0.87,0.85,0.83,0.79,0.76,0.73,0.72,0.7,0.68,0.68,0.71,1.11,1.6,2.29,2.77,3.15,3.49,3.29,3.52,3.43,3.04,2.5,2.06,1.76,1.28,0.93,0.74,0.73,0.79,0.86,0.88,0.86,0.81,0.78,0.75,0.72,0.72,0.71,0.7,0.66,0.62,0.55,0.51,0.47,0.45,0.44,0.43,0.43,0.43,0.43,0.44,0.46,0.47,0.5,0.54,0.57,0.6,0.63,0.65,0.69,0.72,0.78,0.82,0.86,0.9,0.94,0.98,1.02,1.06,1.1,1.14,1.19,1.23,1.26,1.3,1.31,1.33,1.35,1.36,1.36,1.36,1.35,1.34,1.36,1.35,1.34,1.32,1.3,1.27,1.25,1
0.51,0.51,0.51,0.51,0.51,0.51,0.52,0.52,0.51,0.58,0.57,0.54,0.53,0.52,0.52,0.52,0.51,0.51,0.51,0.51,0.51,0.51,0.51,0.51,0.51,0.51,0.51,0.51,0.51,0.51,0.51,0.51,0.51,0.51,0.51,0.51,0.51,0.51,0.51,0.51,0.51,0.51,0.51,0.5,0.51,0.51,0.51,0.51,0.51,0.51,0.51,0.51,0.51,0.51,0.51,0.51,0.51,0.51,0.51,0.51,0.51,0.51,0.51,0.51,0.51,0.51,0.51,0.51,0.51,0.51,0.51,0.51,0.51,0.51,0.51,0.51,0.51,0.51,0.51,0.51,1.03,0.93,1.0,1.23,1.33,1.93,2.15,2.43,2.78,2.82,2.81,2.58,2.18,1.69,1.18,0.92,0.9,0.99,1.1,1.2,1.27,1.28,1.27,1.23,1.18,1.12,1.07,1.0,0.92,0.86,0.8,0.74,0.68,0.64,0.59,0.54,0.49,0.46,0.42,0.4,0.37,0.35,0.34,0.33,0.33,0.34,0.33,0.32,0.32,0.32,0.31,0.32,0.33,0.34,0.35,0.37,0.38,0.4,0.43,0.43,0.44,0.46,0.46,0.47,0.48,0.49,0.5,0.52,0.53,0.54,0.54,0.53,0.52,0.51,0.5,0.5,0.49,0.49,0.49,0.48,1
0.51,0.51,0.51,0.51,0.51,0.51,0.51,0.51,0.51,0.51,0.51,0.51,0.51,0.51,0.51,0.51,0.51,0.51,0.51,0.51,0.51,0.51,0.51,0.51,0.51,0.51,0.51,0.51,0.52,0.52,0.57,0.64,0.62,0.57,0.55,0.53,0.53,0.52,0.52,0.52,0.52,0.52,0.52,0.52,0.51,0.51,0.51,0.51,0.51,0.51,0.51,0.51,0.51,0.51,0.51,0.51,0.51,0.51,0.51,0.51,0.51,0.51,0.51,0.51,0.51,0.51,0.51,0.51,0.51,0.51,0.51,0.51,0.51,0.51,0.51,0.51,0.51,0.51,0.51,0.51,0.81,0.79,0.78,0.76,0.73,0.7,0.69,0.41,0.41,0.41,0.4,0.4,0.4,0.4,0.39,0.39,0.39,0.39,0.39,0.43,0.52,0.8,1.1,1.16,1.64,1.78,2.02,2.24,2.6,3.03,3.09,2.98,2.86,2.62,2.3,1.91,1.51,1.1,0.92,0.96,1.07,1.2,1.29,1.33,1.35,1.34,1.31,1.28,1.23,1.17,1.1,1.05,0.99,0.92,0.86,0.8,0.74,0.69,0.65,0.6,0.53,0.47,0.43,0.41,0.38,0.36,0.34,0.33,0.33,0.32,0.32,0.32,0.33,0.33,0.34,0.34,0.35,0.35,0.35,0.35,1
0.51,0.51,0.51,0.51,0.52,0.52,0.53,0.52,0.53,0.71,0.64,0.59,0.56,0.54,0.53,0.53,0.52,0.52,0.52,0.52,0.52,0.52,0.52,0.52,0.52,0.51,0.51,0.52,0.51,0.51,0.51,0.51,0.51,0.51,0.51,0.51,0.51,0.51,0.51,0.51,0.51,0.51,0.51,0.51,0.51,0.51,0.51,0.51,0.51,0.51,0.51,0.51,0.51,0.51,0.51,0.51,0.51,0.51,0.51,0.51,0.51,0.51,0.51,0.51,0.51,0.51,0.51,0.51,0.51,0.51,0.51,0.51,0.51,0.51,0.51,0.51,0.51,0.51,0.51,0.51,0.83,1.11,1.4,1.52,1.79,2.08,2.4,2.46,2.43,2.39,2.22,1.97,1.78,1.63,1.3,0.97,0.87,0.92,1.05,1.14,1.17,1.2,1.22,1.21,1.19,1.17,1.14,1.11,1.08,1.04,0.99,0.95,0.91,0.87,0.83,0.78,0.74,0.7,0.66,0.63,0.59,0.55,0.53,0.52,0.5,0.5,0.5,0.5,0.5,0.5,0.52,0.52,0.54,0.54,0.54,0.56,0.6,0.63,0.66,0.7,0.74,0.78,0.82,0.86,0.91,0.94,1.0,1.05,1.1,1.15,1.2,1.25,1.28,1.31,1.34,1.36,1.36,1.36,1.35,1.33,1
0.51,0.51,0.51,0.51,0.51,0.52,0.52,0.52,0.52,0.52,0.68,0.66,0.6,0.56,0.54,0.53,0.52,0.52,0.52,0.52,0.52,0.51,0.51,0.51,0.51,0.51,0.51,0.51,0.51,0.51,0.51,0.51,0.51,0.51,0.51,0.51,0.51,0.51,0.51,0.51,0.51,0.51,0.51,0.51,0.51,0.51,0.51,0.51,0.51,0.51,0.51,0.51,0.51,0.51,0.51,0.53,0.54,0.56,0.61,0.64,0.7,0.77,0.81,0.84,0.87,0.89,0.9,0.9,0.9,0.89,0.91,0.96,1.0,1.0,0.97,0.91,0.86,0.83,0.8,0.78,0.94,1.08,1.24,1.65,2.06,2.54,2.72,2.99,3.0,3.0,3.01,2.91,2.7,2.41,2.1,1.81,1.51,1.17,0.86,0.83,0.91,1.0,1.09,1.17,1.21,1.26,1.28,1.27,1.25,1.22,1.16,1.1,1.06,1.02,0.97,0.92,0.88,0.85,0.82,0.79,0.77,0.74,0.71,0.71,0.71,0.72,0.74,0.76,0.8,0.83,0.88,0.92,0.96,1.0,1.05,1.09,1.14,1.19,1.24,1.29,1.33,1.4,1.46,1.53,1.63,1.71,1.77,1.84,1.92,1.99,2.09,2.17,2.19,2.23,2.29,2.35,2.39,2.43,2.43,2.41,1
0.51,0.51,0.51,0.51,0.51,0.52,0.51,0.51,0.53,0.59,0.56,0.54,0.53,0.52,0.52,0.52,0.52,0.52,0.52,0.52,0.51,0.51,0.51,0.51,0.51,0.51,0.51,0.51,0.51,0.51,0.51,0.51,0.51,0.51,0.51,0.51,0.51,0.51,0.51,0.51,0.51,0.51,0.51,0.51,0.51,0.51,0.51,0.51,0.51,0.51,0.51,0.51,0.51,0.51,0.51,0.51,0.51,0.51,0.51,0.51,0.51,0.52,0.54,0.57,0.62,0.68,0.74,0.81,0.87,0.91,0.96,0.99,0.97,0.96,1.01,1.09,1.24,1.35,1.46,1.53,0.71,1.04,1.23,1.64,1.99,2.12,2.34,2.44,2.5,2.52,2.35,2.01,1.67,1.38,1.12,0.83,0.72,0.75,0.78,0.84,0.88,0.89,0.89,0.88,0.87,0.85,0.82,0.78,0.74,0.71,0.68,0.65,0.61,0.59,0.56,0.52,0.5,0.47,0.44,0.43,0.41,0.4,0.38,0.37,0.38,0.38,0.37,0.38,0.4,0.43,0.45,0.5,0.55,0.61,0.68,0.76,0.84,0.92,1.01,1.08,1.16,1.24,1.3,1.36,1.41,1.46,1.5,1.53,1.56,1.58,1.62,1.68,1.71,1.75,1.8,1.83,1.85,1.88,1.96,2.03,1
0.51,0.51,0.51,0.52,0.52,0.51,0.51,0.51,0.52,0.52,0.59,0.56,0.54,0.53,0.53,0.52,0.52,0.52,0.52,0.52,0.52,0.51,0.51,0.51,0.51,0.51,0.51,0.51,0.51,0.51,0.51,0.51,0.51,0.51,0.51,0.51,0.51,0.51,0.51,0.51,0.51,0.51,0.51,0.51,0.51,0.51,0.51,0.51,0.51,0.51,0.51,0.51,0.51,0.51,0.51,0.51,0.51,0.51,0.51,0.51,0.51,0.51,0.51,0.51,0.51,0.51,0.51,0.51,0.51,0.51,0.51,0.51,0.51,0.51,0.51,0.52,0.52,0.52,0.52,0.52,0.91,0.99,1.48,1.62,1.92,2.03,1.93,1.96,2.2,2.16,2.12,2.02,1.88,1.59,1.39,1.1,0.87,0.67,0.57,0.56,0.6,0.67,0.75,0.82,0.88,0.92,0.94,0.95,0.95,0.93,0.88,0.86,0.82,0.76,0.72,0.7,0.67,0.65,0.62,0.6,0.57,0.57,0.56,0.55,0.54,0.54,0.53,0.52,0.53,0.55,0.56,0.57,0.61,0.64,0.67,0.71,0.76,0.79,0.83,0.86,0.9,0.92,0.95,0.97,0.99,0.99,0.99,0.99,0.99,1.02,1.03,1.03,1.03,1.03,1.02,1.01,1.02,1.03,1.02,1.01,1
0.51,0.51,0.51,0.51,0.51,0.52,0.53,0.54,0.53,0.76,0.71,0.63,0.58,0.56,0.54,0.53,0.53,0.53,0.52,0.52,0.52,0.52,0.52,0.52,0.52,0.52,0.51,0.51,0.51,0.51,0.51,0.51,0.51,0.51,0.51,0.51,0.51,0.51,0.51,0.51,0.51,0.51,0.51,0.51,0.51,0.51,0.51,0.51,0.51,0.51,0.51,0.51,0.51,0.51,0.51,0.51,0.51,0.51,0.51,0.51,0.51,0.51,0.51,0.51,0.51,0.51,0.51,0.51,0.51,0.51,0.51,0.51,0.51,0.51,0.51,0.51,0.51,0.51,0.51,0.51,0.71,0.96,1.21,1.63,2.07,2.38,2.62,2.97,2.97,2.92,2.85,2.63,2.32,2.13,1.86,1.58,1.27,0.95,0.73,0.68,0.73,0.82,0.91,0.98,1.04,1.08,1.1,1.1,1.08,1.06,1.01,0.98,0.93,0.89,0.87,0.84,0.8,0.76,0.71,0.67,0.63,0.58,0.56,0.52,0.48,0.46,0.43,0.39,0.37,0.36,0.35,0.35,0.34,0.34,0.33,0.34,0.34,0.33,0.33,0.33,0.34,0.34,0.34,0.34,0.34,0.34,0.35,0.36,0.36,0.37,0.37,0.37,0.37,0.37,0.37,0.36,0.36,0.36,0.35,0.34,1
0.51,0.51,0.51,0.51,0.51,0.57,0.55,0.58,0.59,0.56,0.54,0.53,0.52,0.52,0.51,0.51,0.51,0.51,0.51,0.51,0.51,0.51,0.51,0.51,0.51,0.51,0.51,0.51,0.51,0.52,0.51,0.51,0.52,0.52,0.51,0.51,0.51,0.51,0.51,0.51,0.51,0.51,0.51,0.51,0.51,0.51,0.51,0.51,0.51,0.51,0.51,0.51,0.51,0.51,0.51,0.51,0.51,0.51,0.51,0.51,0.51,0.51,0.51,0.51,0.51,0.51,0.51,0.51,0.53,0.53,0.52,0.52,0.51,0.51,0.51,0.51,0.51,0.51,0.51,0.51,0.82,0.85,1.22,1.31,1.73,1.95,2.15,2.23,2.22,2.09,1.84,1.54,1.42,1.15,0.9,0.7,0.57,0.58,0.64,0.74,0.88,1.05,1.16,1.25,1.3,1.31,1.31,1.3,1.26,1.22,1.17,1.12,1.06,1.01,0.95,0.9,0.86,0.81,0.77,0.72,0.69,0.67,0.65,0.63,0.62,0.61,0.6,0.6,0.61,0.61,0.63,0.65,0.65,0.65,0.68,0.7,0.71,0.73,0.76,0.79,0.81,0.84,0.86,0.88,0.89,0.89,0.9,0.89,0.91,0.94,0.95,0.98,1.01,1.05,1.08,1.11,1.11,1.11,1.12,1.1,1
0.51,0.51,0.51,0.51,0.51,0.51,0.51,0.51,0.51,0.56,0.57,0.55,0.53,0.52,0.52,0.52,0.52,0.52,0.51,0.52,0.51,0.51,0.51,0.51,0.51,0.51,0.51,0.51,0.51,0.51,0.51,0.51,0.51,0.51,0.51,0.51,0.51,0.51,0.51,0.51,0.51,0.51,0.51,0.51,0.51,0.51,0.51,0.51,0.51,0.51,0.51,0.51,0.51,0.51,0.51,0.51,0.51,0.52,0.53,0.54,0.55,0.56,0.58,0.59,0.6,0.6,0.58,0.57,0.57,0.59,0.61,0.64,0.65,0.63,0.6,0.57,0.55,0.55,0.57,0.6,0.89,1.02,1.12,1.48,1.82,2.07,2.14,2.34,2.3,2.25,2.12,1.9,1.57,1.19,0.92,0.68,0.58,0.57,0.64,0.74,0.86,0.93,0.95,0.98,0.97,0.96,0.94,0.91,0.87,0.81,0.77,0.72,0.68,0.65,0.62,0.58,0.53,0.49,0.45,0.43,0.42,0.41,0.41,0.41,0.42,0.42,0.42,0.43,0.44,0.46,0.46,0.47,0.47,0.5,0.54,0.56,0.6,0.63,0.65,0.67,0.69,0.7,0.71,0.7,0.71,0.74,0.79,0.84,0.9,0.94,1.01,1.05,1.09,1.11,1.13,1.21,1.3,1.34,1.4,1.48,1
0.51,0.51,0.51,0.51,0.51,0.54,0.53,0.53,0.52,0.53,0.53,0.57,0.55,0.53,0.53,0.52,0.52,0.52,0.52,0.52,0.52,0.52,0.52,0.51,0.52,0.51,0.51,0.51,0.51,0.51,0.51,0.51,0.51,0.51,0.51,0.51,0.51,0.51,0.51,0.51,0.51,0.51,0.51,0.51,0.51,0.51,0.51,0.51,0.51,0.51,0.51,0.51,0.51,0.51,0.51,0.51,0.51,0.51,0.51,0.51,0.51,0.51,0.51,0.51,0.51,0.51,0.51,0.51,0.51,0.51,0.51,0.51,0.51,0.51,0.51,0.51,0.51,0.51,0.51,0.51,0.8,1.04,1.17,1.59,1.92,2.04,2.43,2.54,2.65,2.9,2.78,2.58,2.29,1.9,1.39,1.02,0.79,0.72,0.75,0.83,0.92,1.02,1.1,1.16,1.18,1.19,1.17,1.16,1.13,1.09,1.06,1.01,0.97,0.94,0.89,0.85,0.82,0.78,0.74,0.7,0.66,0.63,0.6,0.57,0.53,0.5,0.48,0.47,0.46,0.44,0.44,0.44,0.45,0.44,0.45,0.45,0.44,0.45,0.45,0.46,0.46,0.46,0.47,0.47,0.49,0.5,0.49,0.49,0.49,0.47,0.45,0.45,0.45,0.43,0.43,0.42,0.4,0.4,0.39,0.39,1
0.51,0.51,0.51,0.51,0.52,0.52,0.52,0.52,0.55,0.57,0.6,0.56,0.54,0.53,0.53,0.52,0.52,0.52,0.52,0.52,0.52,0.52,0.52,0.52,0.51,0.51,0.51,0.51,0.51,0.51,0.51,0.51,0.51,0.51,0.51,0.51,0.51,0.51,0.51,0.51,0.51,0.51,0.51,0.51,0.51,0.51,0.51,0.51,0.51,0.51,0.51,0.51,0.51,0.51,0.51,0.51,0.51,0.51,0.51,0.51,0.51,0.51,0.51,0.51,0.51,0.51,0.51,0.51,0.51,0.51,0.51,0.51,0.51,0.51,0.51,0.51,0.51,0.51,0.51,0.51,0.72,0.89,1.44,1.74,1.91,2.26,2.37,2.57,2.58,2.56,2.49,2.29,2.15,1.87,1.59,1.36,1.09,0.9,0.69,0.55,0.51,0.53,0.62,0.74,0.85,0.95,1.03,1.09,1.13,1.15,1.14,1.13,1.1,1.08,1.05,1.02,0.98,0.95,0.91,0.86,0.82,0.8,0.76,0.7,0.66,0.61,0.56,0.51,0.47,0.45,0.43,0.42,0.4,0.38,0.36,0.35,0.35,0.34,0.33,0.33,0.32,0.32,0.32,0.32,0.32,0.32,0.31,0.31,0.32,0.32,0.31,0.31,0.31,0.31,0.31,0.31,0.31,0.31,0.32,0.33,1
0.51,0.51,0.51,0.51,0.51,0.51,0.51,0.52,0.52,0.52,0.62,0.61,0.57,0.54,0.53,0.53,0.52,0.52,0.52,0.52,0.51,0.51,0.51,0.51,0.51,0.51,0.51,0.51,0.51,0.51,0.51,0.51,0.51,0.51,0.51,0.51,0.51,0.51,0.51,0.51,0.51,0.51,0.51,0.51,0.51,0.51,0.51,0.51,0.51,0.51,0.51,0.51,0.51,0.51,0.51,0.51,0.51,0.51,0.51,0.51,0.51,0.51,0.51,0.51,0.51,0.51,0.51,0.51,0.51,0.51,0.51,0.51,0.51,0.51,0.51,0.51,0.51,0.51,0.51,0.51,0.82,0.97,1.09,1.66,2.06,2.04,2.37,2.6,2.82,2.75,2.7,2.58,2.38,2.08,1.74,1.41,1.02,0.82,0.81,0.88,0.97,1.03,1.06,1.05,1.02,1.0,0.97,0.95,0.92,0.88,0.85,0.81,0.76,0.72,0.68,0.63,0.6,0.57,0.53,0.49,0.46,0.43,0.4,0.38,0.36,0.34,0.33,0.32,0.32,0.31,0.32,0.32,0.33,0.32,0.32,0.32,0.32,0.33,0.33,0.33,0.33,0.33,0.33,0.33,0.34,0.33,0.34,0.34,0.35,0.35,0.35,0.35,0.36,0.37,0.39,0.39,0.39,0.4,0.4,0.41,1
0.52,0.52,0.52,0.52,0.52,0.54,0.55,0.55,0.54,0.54,0.55,0.76,0.68,0.62,0.58,0.56,0.54,0.53,0.53,0.52,0.52,0.52,0.52,0.52,0.52,0.52,0.52,0.52,0.52,0.52,0.52,0.52,0.52,0.52,0.52,0.52,0.52,0.52,0.52,0.52,0.52,0.52,0.52,0.52,0.52,0.52,0.52,0.52,0.52,0.52,0.52,0.52,0.52,0.52,0.52,0.52,0.52,0.52,0.52,0.52,0.52,0.52,0.52,0.52,0.52,0.52,0.52,0.52,0.52,0.52,0.52,0.52,0.52,0.52,0.52,0.52,0.52,0.52,0.52,0.52,0.71,1.11,1.37,1.44,1.76,1.99,2.03,2.31,2.47,2.71,2.7,2.69,2.53,2.2,1.8,1.39,1.0,0.83,0.84,0.89,0.94,0.97,0.98,1.0,1.02,1.02,1.01,1.0,0.97,0.93,0.87,0.83,0.78,0.71,0.66,0.62,0.57,0.52,0.48,0.44,0.39,0.36,0.34,0.33,0.33,0.34,0.36,0.36,0.36,0.36,0.37,0.36,0.36,0.36,0.38,0.39,0.4,0.41,0.42,0.41,0.42,0.43,0.43,0.44,0.45,0.44,0.43,0.43,0.43,0.43,0.43,0.43,0.43,0.42,0.41,0.42,0.41,0.39,0.4,0.4,1
0.51,0.51,0.51,0.52,0.54,0.53,0.53,0.52,0.59,0.56,0.54,0.53,0.52,0.52,0.51,0.51,0.51,0.51,0.51,0.51,0.51,0.51,0.51,0.51,0.51,0.51,0.51,0.51,0.51,0.51,0.51,0.51,0.51,0.51,0.51,0.51,0.51,0.51,0.51,0.51,0.51,0.51,0.51,0.51,0.51,0.51,0.51,0.51,0.51,0.51,0.51,0.51,0.51,0.51,0.51,0.51,0.51,0.51,0.51,0.51,0.51,0.51,0.51,0.51,0.51,0.51,0.51,0.51,0.51,0.51,0.51,0.51,0.51,0.51,0.51,0.51,0.51,0.51,0.51,0.51,0.85,1.23,1.63,1.75,1.93,1.82,2.2,2.12,2.03,1.91,1.7,1.36,1.06,0.82,0.81,0.87,0.93,0.96,0.99,1.0,1.02,1.04,1.03,1.0,0.99,0.96,0.93,0.89,0.86,0.83,0.79,0.75,0.7,0.65,0.61,0.59,0.56,0.53,0.51,0.48,0.46,0.43,0.42,0.39,0.36,0.35,0.34,0.32,0.32,0.31,0.31,0.32,0.32,0.33,0.35,0.36,0.36,0.35,0.35,0.34,0.33,0.33,0.33,0.33,0.33,0.32,0.32,0.32,0.31,0.32,0.32,0.32,0.31,0.32,0.32,0.31,0.32,0.31,0.31,0.31,1
0.51,0.51,0.51,0.51,0.52,0.52,0.56,0.54,0.55,0.73,0.65,0.59,0.56,0.54,0.53,0.52,0.52,0.52,0.52,0.52,0.52,0.52,0.52,0.51,0.51,0.51,0.51,0.51,0.51,0.51,0.51,0.51,0.51,0.51,0.51,0.51,0.51,0.51,0.51,0.51,0.51,0.51,0.51,0.51,0.51,0.51,0.51,0.51,0.51,0.51,0.52,0.51,0.51,0.51,0.51,0.51,0.51,0.51,0.51,0.51,0.51,0.51,0.51,0.5,0.51,0.51,0.51,0.51,0.51,0.51,0.51,0.51,0.51,0.51,0.52,0.52,0.52,0.53,0.55,0.57,0.89,1.08,1.33,1.68,2.01,2.19,2.2,2.16,2.4,2.24,2.08,1.85,1.51,1.35,1.08,0.85,0.64,0.6,0.64,0.74,0.86,0.96,1.04,1.1,1.14,1.15,1.14,1.13,1.09,1.06,1.03,1.0,0.95,0.91,0.88,0.83,0.8,0.78,0.75,0.72,0.7,0.68,0.65,0.63,0.62,0.61,0.61,0.62,0.63,0.62,0.63,0.63,0.63,0.63,0.63,0.64,0.63,0.63,0.64,0.63,0.63,0.64,0.63,0.62,0.62,0.61,0.61,0.59,0.58,0.56,0.53,0.52,0.51,0.5,0.48,0.47,0.44,0.42,0.41,0.41,1
0.51,0.51,0.51,0.51,0.51,0.52,0.52,0.52,0.54,0.53,0.57,0.55,0.53,0.52,0.52,0.52,0.51,0.51,0.51,0.51,0.51,0.51,0.51,0.51,0.51,0.51,0.51,0.51,0.51,0.51,0.51,0.51,0.51,0.51,0.51,0.51,0.51,0.51,0.51,0.51,0.51,0.51,0.51,0.51,0.51,0.51,0.51,0.51,0.51,0.51,0.51,0.51,0.51,0.51,0.51,0.51,0.51,0.51,0.51,0.51,0.51,0.51,0.51,0.51,0.52,0.51,0.52,0.52,0.52,0.52,0.52,0.52,0.51,0.52,0.52,0.52,0.51,0.51,0.51,0.52,0.9,1.23,1.56,1.69,2.13,2.59,2.58,2.78,2.79,2.77,2.68,2.41,1.94,1.62,1.25,0.9,0.74,0.74,0.82,0.91,1.01,1.09,1.16,1.21,1.23,1.25,1.23,1.2,1.17,1.14,1.1,1.06,1.02,0.96,0.9,0.85,0.8,0.76,0.71,0.68,0.65,0.61,0.57,0.55,0.54,0.5,0.49,0.47,0.45,0.44,0.44,0.43,0.43,0.43,0.43,0.42,0.43,0.43,0.43,0.43,0.43,0.43,0.42,0.43,0.43,0.42,0.41,0.41,0.4,0.39,0.4,0.39,0.39,0.38,0.38,0.38,0.37,0.36,0.35,0.34,1
0.51,0.51,0.51,0.51,0.51,0.51,0.52,0.52,0.52,0.53,0.54,0.58,0.55,0.54,0.53,0.52,0.52,0.51,0.52,0.52,0.51,0.51,0.51,0.51,0.51,0.51,0.51,0.51,0.51,0.51,0.51,0.51,0.51,0.51,0.51,0.51,0.51,0.51,0.51,0.51,0.51,0.5,0.51,0.51,0.51,0.51,0.51,0.51,0.51,0.51,0.51,0.51,0.51,0.51,0.51,0.51,0.51,0.51,0.51,0.51,0.51,0.51,0.51,0.51,0.51,0.51,0.51,0.51,0.51,0.51,0.51,0.51,0.51,0.51,0.51,0.51,0.51,0.51,0.51,0.51,0.74,0.94,1.3,1.48,1.78,2.4,2.59,3.0,3.14,3.19,3.14,3.0,2.69,2.25,1.9,1.46,1.05,0.85,0.86,0.96,1.11,1.26,1.37,1.45,1.51,1.52,1.52,1.5,1.44,1.41,1.37,1.33,1.28,1.24,1.18,1.12,1.07,1.02,0.95,0.89,0.84,0.79,0.72,0.68,0.66,0.63,0.6,0.58,0.56,0.54,0.53,0.52,0.5,0.49,0.49,0.47,0.47,0.47,0.46,0.45,0.44,0.44,0.44,0.43,0.43,0.43,0.43,0.42,0.42,0.43,0.42,0.43,0.42,0.41,0.4,0.41,0.4,0.39,0.39,0.39,1
0.51,0.51,0.51,0.51,0.52,0.51,0.52,0.51,0.53,0.61,0.57,0.54,0.53,0.52,0.52,0.51,0.51,0.51,0.51,0.51,0.51,0.51,0.51,0.51,0.51,0.51,0.51,0.51,0.51,0.51,0.51,0.51,0.51,0.51,0.51,0.51,0.51,0.51,0.51,0.51,0.51,0.51,0.51,0.51,0.51,0.51,0.51,0.51,0.51,0.51,0.51,0.51,0.51,0.51,0.51,0.51,0.51,0.51,0.51,0.51,0.51,0.51,0.51,0.51,0.51,0.51,0.51,0.51,0.51,0.51,0.51,0.51,0.51,0.51,0.51,0.51,0.51,0.51,0.51,0.51,0.72,0.86,1.18,1.62,1.87,1.99,2.29,2.36,2.38,2.29,2.07,1.68,1.21,0.9,0.8,0.81,0.87,0.94,0.99,1.03,1.07,1.1,1.11,1.11,1.11,1.09,1.07,1.04,1.01,0.96,0.92,0.89,0.85,0.79,0.75,0.72,0.68,0.65,0.62,0.6,0.57,0.54,0.54,0.52,0.49,0.49,0.48,0.48,0.47,0.46,0.46,0.45,0.43,0.43,0.41,0.41,0.42,0.41,0.41,0.42,0.42,0.42,0.42,0.43,0.43,0.43,0.42,0.42,0.42,0.42,0.42,0.41,0.4,0.4,0.4,0.39,0.38,0.38,0.37,0.37,1
0.51,0.51,0.51,0.51,0.51,0.52,0.52,0.53,0.65,0.6,0.56,0.54,0.53,0.52,0.52,0.51,0.51,0.51,0.51,0.51,0.51,0.51,0.51,0.51,0.51,0.51,0.51,0.51,0.51,0.51,0.51,0.51,0.51,0.51,0.51,0.51,0.51,0.51,0.51,0.51,0.51,0.51,0.51,0.51,0.51,0.51,0.51,0.51,0.51,0.51,0.51,0.51,0.51,0.51,0.51,0.51,0.51,0.51,0.51,0.51,0.51,0.51,0.51,0.51,0.51,0.51,0.51,0.51,0.51,0.51,0.51,0.51,0.51,0.51,0.51,0.51,0.51,0.5,0.51,0.51,0.77,0.88,1.15,1.35,1.82,2.04,2.14,2.2,2.18,2.05,1.78,1.49,1.15,0.85,0.73,0.74,0.8,0.87,0.94,1.01,1.06,1.09,1.11,1.12,1.11,1.1,1.09,1.08,1.04,1.0,0.96,0.91,0.87,0.82,0.78,0.73,0.69,0.66,0.63,0.6,0.58,0.56,0.53,0.52,0.5,0.48,0.45,0.45,0.44,0.42,0.41,0.39,0.38,0.36,0.36,0.35,0.35,0.35,0.35,0.35,0.35,0.35,0.35,0.35,0.35,0.35,0.35,0.34,0.34,0.35,0.34,0.34,0.34,0.33,0.33,0.34,0.34,0.33,0.33,0.33,1
0.51,0.51,0.51,0.51,0.51,0.51,0.51,0.51,0.51,0.6,0.56,0.54,0.53,0.52,0.52,0.52,0.51,0.51,0.51,0.51,0.51,0.51,0.51,0.51,0.51,0.51,0.51,0.51,0.51,0.51,0.51,0.51,0.51,0.51,0.51,0.51,0.51,0.51,0.51,0.51,0.51,0.51,0.51,0.51,0.51,0.51,0.51,0.51,0.51,0.51,0.51,0.51,0.51,0.51,0.51,0.51,0.51,0.51,0.51,0.51,0.51,0.51,0.51,0.51,0.51,0.51,0.51,0.51,0.51,0.52,0.52,0.52,0.52,0.52,0.52,0.52,0.52,0.52,0.52,0.52,0.75,0.82,1.07,1.3,1.45,1.61,1.71,1.83,1.79,1.73,1.59,1.37,1.07,0.79,0.7,0.71,0.76,0.82,0.88,0.92,0.95,0.96,0.97,0.97,0.98,0.99,0.98,0.97,0.95,0.92,0.89,0.87,0.83,0.8,0.77,0.73,0.69,0.65,0.63,0.6,0.58,0.56,0.54,0.54,0.53,0.53,0.52,0.51,0.51,0.51,0.49,0.49,0.48,0.47,0.46,0.46,0.45,0.44,0.44,0.44,0.44,0.43,0.43,0.43,0.43,0.43,0.42,0.41,0.41,0.41,0.39,0.38,0.38,0.37,0.36,0.36,0.34,0.34,0.33,0.32,1
0.51,0.51,0.51,0.51,0.51,0.51,0.51,0.54,0.53,0.58,0.71,0.64,0.59,0.55,0.54,0.53,0.52,0.52,0.52,0.52,0.51,0.51,0.51,0.51,0.51,0.51,0.51,0.51,0.51,0.51,0.51,0.51,0.51,0.51,0.51,0.51,0.51,0.51,0.51,0.51,0.51,0.51,0.51,0.51,0.51,0.51,0.51,0.52,0.51,0.52,0.52,0.52,0.52,0.52,0.52,0.52,0.52,0.52,0.52,0.52,0.52,0.52,0.52,0.52,0.52,0.52,0.51,0.51,0.51,0.51,0.51,0.51,0.51,0.51,0.51,0.51,0.51,0.51,0.51,0.51,0.85,1.13,1.23,1.37,1.54,1.7,2.03,2.4,2.5,2.46,2.4,2.27,1.94,1.74,1.46,1.13,0.83,0.76,0.74,0.8,0.88,0.96,1.0,1.04,1.09,1.1,1.12,1.13,1.14,1.15,1.13,1.11,1.09,1.07,1.03,1.01,0.97,0.93,0.89,0.85,0.82,0.79,0.74,0.71,0.69,0.66,0.64,0.61,0.58,0.56,0.54,0.53,0.5,0.48,0.45,0.43,0.4,0.38,0.37,0.35,0.33,0.34,0.36,0.38,0.43,0.46,0.49,0.53,0.54,0.56,0.58,0.58,0.57,0.57,0.55,0.55,0.53,0.53,0.52,0.57,1
0.51,0.51,0.51,0.51,0.51,0.51,0.52,0.52,0.6,0.59,0.56,0.54,0.53,0.52,0.52,0.52,0.52,0.52,0.51,0.51,0.51,0.51,0.51,0.51,0.51,0.51,0.51,0.51,0.51,0.51,0.51,0.51,0.51,0.51,0.51,0.51,0.51,0.51,0.51,0.51,0.51,0.51,0.51,0.51,0.51,0.51,0.51,0.51,0.51,0.51,0.51,0.51,0.51,0.51,0.51,0.51,0.51,0.51,0.51,0.51,0.51,0.5,0.51,0.5,0.51,0.51,0.5,0.5,0.51,0.51,0.51,0.51,0.51,0.51,0.51,0.51,0.51,0.5,0.5,0.51,0.81,1.0,1.14,1.57,1.78,1.72,1.88,1.92,1.84,1.75,1.53,1.34,1.07,0.89,0.69,0.63,0.62,0.61,0.65,0.71,0.77,0.83,0.87,0.91,0.94,0.96,0.94,0.93,0.91,0.89,0.86,0.83,0.78,0.73,0.68,0.64,0.59,0.56,0.54,0.5,0.45,0.43,0.41,0.39,0.38,0.37,0.36,0.34,0.34,0.34,0.33,0.33,0.33,0.32,0.32,0.32,0.32,0.31,0.31,0.32,0.32,0.32,0.31,0.32,0.31,0.32,0.32,0.32,0.33,0.32,0.32,0.32,0.32,0.32,0.32,0.32,0.32,0.32,0.31,0.31,1
0.51,0.51,0.51,0.52,0.53,0.52,0.52,0.52,0.52,0.52,0.52,0.52,0.52,0.52,0.51,0.52,0.52,0.52,0.51,0.52,0.51,0.51,0.52,0.51,0.51,0.51,0.51,0.51,0.51,0.51,0.51,0.51,0.51,0.51,0.51,0.51,0.52,0.51,0.51,0.51,0.51,0.51,0.51,0.51,0.51,0.51,0.51,0.52,0.51,0.51,0.51,0.51,0.51,0.52,0.52,0.52,0.52,0.52,0.52,0.52,0.51,0.52,0.51,0.51,0.51,0.51,0.51,0.51,0.52,0.51,0.51,0.51,0.51,0.51,0.51,0.51,0.51,0.51,0.51,0.51,0.81,1.12,1.52,1.65,1.92,2.05,2.05,1.93,1.92,1.74,1.48,1.13,0.91,0.68,0.57,0.52,0.54,0.59,0.65,0.71,0.79,0.85,0.9,0.94,0.94,0.93,0.91,0.9,0.88,0.88,0.85,0.82,0.78,0.76,0.73,0.7,0.66,0.63,0.6,0.57,0.56,0.53,0.51,0.49,0.48,0.46,0.44,0.44,0.43,0.41,0.4,0.38,0.36,0.34,0.33,0.33,0.32,0.32,0.31,0.31,0.31,0.31,0.31,0.31,0.31,0.31,0.32,0.32,0.32,0.32,0.33,0.32,0.31,0.31,0.32,0.32,0.32,0.32,0.32,0.31,1
0.51,0.51,0.51,0.51,0.51,0.51,0.51,0.52,0.51,0.71,0.67,0.61,0.57,0.54,0.53,0.52,0.52,0.52,0.52,0.51,0.51,0.51,0.51,0.51,0.51,0.51,0.51,0.51,0.51,0.51,0.51,0.51,0.51,0.51,0.51,0.51,0.51,0.51,0.51,0.51,0.51,0.51,0.51,0.51,0.51,0.51,0.51,0.51,0.51,0.51,0.51,0.51,0.51,0.51,0.51,0.51,0.51,0.5,0.51,0.51,0.51,0.51,0.51,0.51,0.51,0.51,0.51,0.51,0.51,0.51,0.51,0.51,0.51,0.51,0.51,0.51,0.51,0.51,0.51,0.51,0.78,0.86,1.11,1.43,1.61,1.93,2.24,2.18,2.24,2.2,2.07,1.75,1.52,1.24,0.96,0.73,0.67,0.68,0.72,0.78,0.84,0.91,0.97,1.01,1.04,1.09,1.1,1.1,1.1,1.09,1.06,1.03,0.99,0.95,0.9,0.85,0.82,0.77,0.73,0.68,0.64,0.6,0.56,0.53,0.5,0.48,0.48,0.47,0.45,0.43,0.43,0.41,0.41,0.4,0.39,0.37,0.37,0.37,0.37,0.37,0.38,0.37,0.36,0.36,0.35,0.34,0.35,0.35,0.35,0.35,0.36,0.36,0.36,0.37,0.37,0.36,0.35,0.36,0.36,0.34,1
0.52,0.52,0.52,0.52,0.53,0.53,0.53,0.53,0.61,0.57,0.55,0.54,0.53,0.53,0.53,0.53,0.52,0.52,0.52,0.52,0.52,0.52,0.52,0.52,0.52,0.52,0.52,0.52,0.51,0.52,0.52,0.52,0.51,0.52,0.51,0.51,0.51,0.51,0.51,0.51,0.51,0.51,0.51,0.51,0.51,0.51,0.51,0.5,0.51,0.51,0.51,0.51,0.51,0.51,0.51,0.51,0.51,0.51,0.51,0.51,0.51,0.51,0.51,0.51,0.51,0.51,0.51,0.51,0.51,0.51,0.51,0.51,0.51,0.51,0.51,0.51,0.51,0.51,0.51,0.51,0.79,1.11,1.27,1.57,1.84,1.89,2.02,1.97,1.87,1.61,1.43,1.18,0.93,0.7,0.61,0.63,0.66,0.74,0.81,0.87,0.93,0.98,1.0,1.01,1.03,1.02,1.02,1.0,0.98,0.95,0.92,0.9,0.87,0.82,0.78,0.74,0.69,0.65,0.63,0.6,0.58,0.56,0.54,0.52,0.5,0.47,0.45,0.43,0.43,0.42,0.41,0.4,0.4,0.4,0.4,0.41,0.41,0.4,0.41,0.41,0.42,0.43,0.43,0.43,0.43,0.43,0.42,0.43,0.43,0.43,0.41,0.4,0.4,0.41,0.42,0.42,0.42,0.43,0.43,0.43,1
0.53,0.55,0.59,0.59,0.61,0.62,0.6,0.59,0.57,0.65,0.62,0.58,0.55,0.54,0.53,0.52,0.52,0.52,0.52,0.52,0.53,0.53,0.53,0.54,0.54,0.54,0.55,0.55,0.56,0.58,0.58,0.58,0.57,0.57,0.57,0.62,0.65,0.63,0.61,0.58,0.56,0.55,0.54,0.53,0.53,0.52,0.52,0.52,0.52,0.52,0.52,0.52,0.52,0.52,0.52,0.52,0.52,0.52,0.52,0.52,0.52,0.52,0.52,0.51,0.51,0.51,0.51,0.51,0.51,0.51,0.51,0.52,0.51,0.52,0.52,0.52,0.52,0.52,0.52,0.52,0.83,0.85,0.87,1.11,1.21,1.62,1.54,1.62,1.61,1.52,1.41,1.27,1.03,0.87,0.65,0.55,0.57,0.65,0.71,0.78,0.85,0.93,1.0,1.07,1.13,1.18,1.21,1.24,1.24,1.21,1.18,1.14,1.08,1.02,0.97,0.91,0.85,0.79,0.74,0.68,0.63,0.6,0.56,0.51,0.48,0.45,0.43,0.42,0.42,0.4,0.38,0.37,0.38,0.37,0.36,0.35,0.34,0.33,0.33,0.33,0.32,0.32,0.32,0.36,0.42,0.45,0.48,0.49,0.5,0.48,0.46,0.45,0.42,0.39,0.37,0.35,0.33,0.33,0.33,0.34,1
0.51,0.51,0.52,0.54,0.53,0.53,0.52,0.52,0.58,0.56,0.62,0.71,0.64,0.59,0.56,0.54,0.53,0.55,0.54,0.53,0.52,0.52,0.51,0.51,0.51,0.51,0.51,0.51,0.51,0.51,0.51,0.51,0.51,0.51,0.51,0.51,0.51,0.51,0.51,0.51,0.51,0.51,0.51,0.51,0.51,0.51,0.51,0.51,0.51,0.51,0.51,0.51,0.52,0.52,0.53,0.54,0.57,0.59,0.65,0.67,0.7,0.76,0.79,0.78,0.73,0.68,0.63,0.58,0.55,0.53,0.53,0.52,0.52,0.52,0.52,0.53,0.53,0.54,0.55,0.56,0.93,1.09,1.22,1.48,1.69,1.9,2.2,2.24,2.26,2.21,2.16,1.95,1.65,1.44,1.14,0.89,0.72,0.69,0.7,0.71,0.7,0.7,0.71,0.74,0.77,0.82,0.86,0.89,0.91,0.93,0.94,0.94,0.95,0.94,0.93,0.92,0.88,0.85,0.81,0.77,0.73,0.7,0.67,0.63,0.6,0.57,0.55,0.55,0.56,0.56,0.55,0.57,0.57,0.58,0.6,0.63,0.65,0.65,0.69,0.71,0.73,0.76,0.79,0.83,0.87,0.92,0.98,1.05,1.09,1.11,1.11,1.11,1.11,1.1,1.09,1.08,1.08,1.05,1.02,1.01,1
0.54,0.56,0.71,0.83,1.11,1.29,1.74,2.86,3.06,4.21,4.69,4.77,4.77,4.77,4.63,3.3,2.24,1.89,1.78,1.72,1.72,1.72,1.73,1.73,1.73,1.72,1.72,1.7,1.66,1.63,1.6,1.55,1.51,1.49,1.47,1.43,1.43,1.42,1.44,1.46,1.5,1.55,1.63,1.7,1.76,1.83,1.87,1.94,1.98,2.02,2.05,2.09,2.06,1.99,1.86,1.68,1.47,1.25,0.99,0.8,0.69,0.72,0.99,1.42,1.97,2.62,3.36,4.1,4.76,4.77,4.77,4.77,4.77,4.77,4.77,4.77,4.77,4.42,3.52,2.59,0.77,0.84,1.17,1.41,2.02,3.1,4.8,4.81,4.81,4.81,4.81,4.81,4.81,4.81,4.81,4.73,3.38,2.66,2.24,2.15,2.17,2.27,2.42,2.65,2.97,3.21,3.37,3.47,3.51,3.52,3.5,3.48,3.43,3.36,3.28,3.2,3.11,3.02,2.93,2.85,2.82,2.83,2.85,2.87,2.92,2.97,3.03,3.14,3.24,3.37,3.48,3.59,3.66,3.73,3.8,3.85,3.85,3.82,3.75,3.66,3.49,3.27,2.98,2.65,2.28,1.89,1.43,1.0,0.92,1.03,1.33,1.65,1.99,2.23,2.45,2.66,2.83,2.91,2.87,2.78,2
0.76,0.75,0.75,0.74,0.72,0.69,0.65,0.63,0.61,0.63,0.69,0.76,0.87,1.1,1.33,1.89,2.75,3.04,3.89,4.25,4.22,4.43,4.06,2.95,1.99,1.4,1.05,0.85,0.73,0.65,0.6,0.56,0.54,0.53,0.52,0.52,0.52,0.51,0.51,0.51,0.51,0.51,0.51,0.51,0.51,0.51,0.51,0.51,0.51,0.51,0.51,0.51,0.51,0.51,0.53,0.57,0.61,0.66,0.72,0.76,0.81,0.83,0.86,0.88,0.91,0.9,0.87,0.84,0.8,0.73,0.65,0.6,0.56,0.54,0.53,0.53,0.52,0.55,0.61,0.69,0.71,0.77,0.83,0.88,0.93,1.0,1.06,1.14,1.21,1.16,1.11,1.24,1.74,2.69,4.22,4.81,4.81,4.81,4.81,4.81,4.81,4.81,4.81,3.52,2.88,2.57,2.72,2.93,3.13,3.38,3.6,3.84,4.03,4.14,4.16,4.16,4.08,3.98,3.85,3.7,3.55,3.38,3.19,3.0,2.77,2.56,2.36,2.17,2.01,1.85,1.7,1.56,1.46,1.38,1.32,1.29,1.26,1.25,1.27,1.26,1.27,1.31,1.35,1.38,1.44,1.49,1.56,1.61,1.65,1.7,1.72,1.7,1.63,1.58,1.5,1.39,1.26,1.1,0.92,0.73,2
0.8,0.77,1.04,1.12,1.03,1.32,1.69,2.44,2.54,3.07,2.93,3.25,3.13,2.36,1.66,1.26,1.25,1.31,1.37,1.45,1.47,1.51,1.51,1.49,1.45,1.41,1.36,1.3,1.25,1.19,1.1,1.05,0.98,0.93,0.87,0.82,0.77,0.73,0.7,0.66,0.63,0.58,0.56,0.54,0.53,0.52,0.52,0.51,0.51,0.51,0.51,0.51,0.51,0.52,0.53,0.53,0.54,0.54,0.56,0.58,0.6,0.61,0.62,0.63,0.62,0.62,0.6,0.57,0.55,0.53,0.52,0.52,0.51,0.51,0.51,0.51,0.52,0.52,0.52,0.52,0.93,1.23,1.52,2.59,4.12,4.81,4.81,4.81,4.81,4.81,4.81,4.81,4.81,4.49,3.56,3.18,3.01,3.0,3.09,3.21,3.35,3.5,3.53,3.6,3.68,3.74,3.8,3.87,3.9,3.9,3.86,3.76,3.62,3.49,3.34,3.2,3.04,2.88,2.74,2.6,2.47,2.34,2.24,2.11,1.99,1.89,1.8,1.73,1.66,1.6,1.55,1.51,1.5,1.51,1.53,1.55,1.59,1.63,1.68,1.72,1.78,1.84,1.91,1.94,1.98,2.0,2.01,2.01,2.01,1.99,1.94,1.88,1.8,1.71,1.61,1.52,1.41,1.29,1.15,1.01,2
0.51,0.56,0.75,1.2,1.52,1.57,1.75,2.17,2.96,3.4,3.6,3.82,3.58,3.04,2.1,1.47,1.12,1.04,1.08,1.07,1.09,1.13,1.15,1.15,1.13,1.09,1.05,1.03,0.99,0.98,0.96,0.96,0.94,0.94,0.91,0.89,0.88,0.88,0.88,0.9,0.91,0.95,0.98,1.02,1.08,1.14,1.2,1.28,1.34,1.42,1.47,1.54,1.59,1.67,1.71,1.73,1.72,1.66,1.52,1.35,1.13,0.91,0.75,0.66,0.61,0.64,0.8,1.08,1.42,1.86,2.36,2.86,3.37,3.82,4.21,4.55,4.75,4.77,4.77,4.77,0.73,0.97,1.18,1.21,1.67,2.99,4.81,4.81,4.81,4.81,4.81,4.81,4.81,4.81,3.64,2.43,1.82,1.57,1.57,1.65,1.64,1.82,1.96,2.11,2.21,2.27,2.31,2.34,2.32,2.33,2.29,2.26,2.18,2.11,2.02,1.93,1.83,1.78,1.69,1.65,1.6,1.58,1.56,1.56,1.6,1.65,1.71,1.79,1.88,1.99,2.1,2.25,2.4,2.58,2.77,2.96,3.17,3.37,3.53,3.64,3.7,3.7,3.69,3.62,3.48,3.3,3.09,2.81,2.48,2.13,1.75,1.35,0.98,0.82,0.85,1.02,1.27,1.57,1.89,2.19,2
0.55,0.62,0.84,1.11,1.7,2.39,2.43,2.84,3.74,4.32,4.36,4.68,4.41,3.35,2.3,1.6,1.22,1.11,1.11,1.16,1.19,1.24,1.26,1.26,1.28,1.27,1.26,1.26,1.26,1.25,1.25,1.23,1.23,1.21,1.19,1.2,1.2,1.2,1.23,1.24,1.28,1.29,1.32,1.37,1.42,1.48,1.54,1.61,1.71,1.79,1.86,1.92,1.97,2.02,2.05,2.09,2.1,2.09,2.03,1.95,1.81,1.64,1.44,1.2,0.97,0.79,0.68,0.62,0.6,0.67,0.81,1.0,1.24,1.5,1.76,2.02,2.3,2.55,2.82,3.04,0.78,1.1,1.37,1.67,2.91,4.81,4.81,4.81,4.81,4.81,4.81,4.81,4.81,4.67,3.23,2.48,2.12,2.0,2.02,2.04,2.16,2.17,2.19,2.21,2.25,2.27,2.29,2.29,2.29,2.31,2.34,2.36,2.38,2.36,2.38,2.37,2.37,2.35,2.35,2.38,2.41,2.46,2.5,2.54,2.61,2.65,2.72,2.81,2.89,2.99,3.1,3.22,3.36,3.49,3.67,3.81,3.94,4.03,4.1,4.09,4.05,4.01,3.93,3.84,3.72,3.6,3.44,3.32,3.16,2.99,2.78,2.52,2.2,1.85,1.49,1.13,0.83,0.68,0.69,0.74,2
0.56,0.54,0.59,0.93,1.27,1.6,1.71,2.08,2.38,3.15,3.61,4.37,4.28,4.76,4.71,3.97,2.92,2.0,1.43,1.17,1.11,1.17,1.27,1.34,1.39,1.44,1.45,1.44,1.42,1.41,1.38,1.33,1.27,1.23,1.18,1.12,1.08,1.04,1.01,0.98,0.96,0.95,0.97,0.99,1.03,1.09,1.12,1.17,1.25,1.31,1.41,1.49,1.57,1.67,1.78,1.89,2.0,2.11,2.2,2.3,2.36,2.41,2.42,2.37,2.22,2.07,1.91,1.72,1.52,1.3,1.04,0.83,0.71,0.65,0.71,0.91,1.15,1.43,1.73,2.01,0.81,0.88,1.0,1.43,1.76,1.88,3.65,4.81,4.81,4.81,4.81,4.81,4.81,4.81,4.81,4.58,3.24,2.45,1.96,1.77,1.69,1.49,1.42,1.44,1.44,1.37,1.48,1.54,1.6,1.67,1.73,1.74,1.71,1.74,1.73,1.74,1.75,1.77,1.76,1.74,1.74,1.75,1.78,1.82,1.88,1.95,2.03,2.14,2.23,2.35,2.45,2.57,2.68,2.8,2.92,3.1,3.34,3.59,3.84,4.07,4.26,4.45,4.63,4.78,4.81,4.81,4.81,4.81,4.81,4.81,4.81,4.81,4.66,4.41,4.11,3.81,3.49,3.12,2.72,2.3,2
3.62,4.1,4.76,4.77,4.77,4.77,4.77,4.77,4.77,4.77,4.76,3.91,2.66,1.88,1.65,1.75,1.92,2.13,2.32,2.47,2.55,2.65,2.61,2.6,2.57,2.78,2.36,1.85,1.86,2.18,2.31,2.52,2.6,2.78,2.86,2.43,1.72,1.3,1.3,1.54,1.98,2.29,2.61,2.9,3.16,3.38,3.57,3.71,3.76,3.73,3.62,3.44,3.25,3.04,2.74,2.34,1.91,1.46,1.09,0.87,0.77,0.87,1.1,1.38,1.72,2.09,2.45,2.8,3.15,3.45,3.67,3.75,3.75,3.67,3.51,3.26,2.9,2.38,1.78,1.29,4.81,4.81,4.81,4.81,4.81,4.81,4.81,4.81,4.81,4.81,4.81,4.81,4.66,3.26,2.6,2.08,1.86,1.79,1.76,1.83,1.74,1.69,1.74,1.83,2.2,2.21,2.45,2.61,2.9,4.18,4.47,4.32,4.25,3.8,3.25,2.38,1.81,1.82,1.91,2.08,2.24,2.4,2.61,2.92,3.28,3.75,4.21,4.66,4.81,4.81,4.81,4.81,4.81,4.81,4.81,4.81,4.81,4.81,4.81,4.81,4.81,4.81,4.81,4.81,4.81,4.81,4.65,4.1,3.49,2.85,2.25,1.67,1.16,0.94,0.96,1.1,1.29,1.53,1.75,1.93,2
0.52,0.52,0.52,0.52,0.52,0.52,0.52,0.52,0.52,0.52,0.53,0.53,0.66,0.79,1.06,1.23,1.63,2.27,3.11,4.04,4.77,4.77,4.77,4.77,4.77,4.77,4.77,4.77,4.26,2.87,1.97,1.67,1.67,1.79,1.96,2.11,2.24,2.34,2.39,2.41,2.41,2.41,2.37,2.32,2.23,2.16,2.07,1.98,1.92,1.85,1.82,1.78,1.76,1.75,1.74,1.74,1.74,1.75,1.77,1.79,1.82,1.85,1.92,1.96,2.05,2.11,2.17,2.19,2.18,2.14,2.07,1.98,1.86,1.71,1.51,1.29,1.07,0.85,0.71,0.64,0.76,0.77,0.77,0.78,0.78,0.79,0.79,0.77,0.79,0.77,0.95,0.99,1.09,1.17,1.32,1.88,3.12,4.11,4.81,4.81,4.81,4.81,4.81,4.81,4.81,4.81,4.81,4.81,4.71,3.07,2.14,1.57,1.32,1.24,1.25,1.32,1.41,1.53,1.62,1.71,1.77,1.83,1.87,1.89,1.9,1.88,1.87,1.81,1.77,1.7,1.66,1.6,1.56,1.55,1.54,1.57,1.61,1.67,1.74,1.81,1.9,1.99,2.11,2.24,2.4,2.56,2.74,2.94,3.17,3.42,3.64,3.8,3.91,4.0,4.01,4.02,3.98,3.91,3.83,3.7,2
0.61,0.72,1.07,1.98,2.89,3.24,4.47,4.77,4.77,4.77,4.77,4.77,4.77,4.14,3.04,2.06,1.45,1.16,1.09,1.11,1.2,1.29,1.39,1.44,1.49,1.49,1.51,1.48,1.45,1.41,1.35,1.31,1.25,1.21,1.15,1.1,1.03,0.99,0.92,0.89,0.84,0.79,0.78,0.75,0.74,0.75,0.75,0.78,0.81,0.84,0.87,0.88,0.91,0.96,1.0,1.08,1.16,1.26,1.33,1.43,1.5,1.6,1.7,1.77,1.84,1.94,2.03,2.12,2.15,2.18,2.19,2.16,2.11,2.09,2.09,2.05,1.94,1.79,1.57,1.35,0.9,1.11,1.32,2.57,3.87,4.81,4.81,4.81,4.81,4.81,4.81,4.81,4.81,4.81,3.46,2.42,1.95,1.78,1.77,1.85,1.96,2.12,2.24,2.33,2.39,2.4,2.42,2.39,2.37,2.32,2.27,2.19,2.11,2.02,1.92,1.83,1.73,1.65,1.57,1.49,1.41,1.33,1.26,1.2,1.14,1.11,1.09,1.08,1.08,1.11,1.14,1.19,1.25,1.32,1.41,1.51,1.61,1.74,1.86,2.0,2.13,2.28,2.41,2.57,2.7,2.86,3.01,3.14,3.28,3.45,3.59,3.72,3.83,3.92,4.02,4.1,4.17,4.23,4.28,4.29,2
0.52,0.67,0.88,1.13,1.2,1.55,2.32,2.77,4.02,4.33,4.77,4.77,4.77,4.42,4.13,3.26,2.31,1.61,1.3,1.29,1.36,1.46,1.56,1.61,1.65,1.68,1.7,1.67,1.63,1.6,1.55,1.49,1.42,1.34,1.3,1.28,1.24,1.23,1.21,1.21,1.21,1.25,1.27,1.3,1.37,1.41,1.47,1.55,1.62,1.72,1.79,1.87,1.96,2.04,2.12,2.2,2.29,2.44,2.51,2.52,2.48,2.48,2.49,2.48,2.43,2.36,2.24,2.07,1.82,1.58,1.3,1.01,0.81,0.7,0.69,0.84,1.12,1.45,1.77,2.08,0.8,1.08,1.46,1.61,2.29,3.34,4.81,4.81,4.81,4.81,4.81,4.81,4.81,4.81,4.81,4.81,3.83,2.67,1.91,1.37,1.2,1.22,1.2,1.53,1.77,2.1,2.39,2.58,2.73,2.81,2.87,2.9,2.89,2.86,2.81,2.74,2.69,2.61,2.56,2.5,2.43,2.39,2.37,2.35,2.33,2.31,2.28,2.29,2.31,2.38,2.46,2.52,2.61,2.72,2.82,2.94,3.05,3.17,3.25,3.34,3.43,3.5,3.61,3.7,3.75,3.81,3.89,3.91,3.85,3.72,3.55,3.4,3.3,3.17,3.02,2.82,2.6,2.38,2.14,1.92,2
0.73,0.89,1.4,1.63,2.13,2.84,3.39,4.6,4.77,4.77,4.77,4.77,4.77,4.77,4.77,3.74,2.5,1.74,1.49,1.3,1.33,1.43,1.47,1.6,1.64,1.69,1.73,1.73,1.71,1.68,1.64,1.59,1.55,1.51,1.45,1.42,1.34,1.32,1.25,1.24,1.24,1.25,1.29,1.33,1.39,1.46,1.53,1.61,1.68,1.74,1.82,1.89,2.02,2.14,2.27,2.4,2.53,2.64,2.72,2.82,2.87,2.84,2.72,2.62,2.52,2.39,2.17,1.99,1.75,1.4,1.07,0.85,0.8,0.93,1.21,1.53,1.91,2.28,2.71,3.18,1.01,1.36,1.9,2.17,3.1,4.29,4.81,4.81,4.81,4.81,4.81,4.81,4.81,4.81,4.81,4.32,3.23,2.54,1.91,1.37,1.05,0.91,0.93,1.16,1.32,1.42,1.57,1.66,1.77,1.87,1.9,2.0,2.05,2.11,2.12,2.11,2.03,2.01,1.95,1.9,1.88,1.87,1.9,1.9,1.93,1.96,2.02,2.08,2.15,2.23,2.34,2.46,2.62,2.79,2.97,3.16,3.38,3.6,3.81,3.99,4.16,4.29,4.37,4.47,4.54,4.59,4.66,4.75,4.81,4.81,4.81,4.69,4.5,4.32,4.09,3.88,3.62,3.33,3.02,2.64,2
0.58,0.58,0.86,1.01,1.8,1.94,2.16,2.44,3.53,4.24,4.77,4.77,4.77,4.77,4.77,4.77,4.77,4.32,3.23,2.2,1.55,1.31,1.32,1.45,1.61,1.77,1.89,1.98,2.04,2.07,2.08,2.05,2.0,1.97,1.91,1.86,1.8,1.74,1.67,1.62,1.56,1.52,1.46,1.45,1.41,1.42,1.46,1.46,1.47,1.5,1.56,1.58,1.63,1.66,1.7,1.75,1.8,1.87,1.92,1.98,2.05,2.12,2.22,2.27,2.32,2.36,2.33,2.28,2.17,2.0,1.83,1.66,1.46,1.26,1.04,0.84,0.71,0.65,0.67,0.77,0.71,0.9,1.24,1.5,1.97,2.23,2.07,2.33,3.88,4.81,4.81,4.81,4.81,4.81,4.81,4.81,4.81,4.81,4.81,3.9,3.15,2.52,1.99,1.48,1.11,0.82,0.71,0.75,0.84,1.04,1.27,1.51,1.63,1.75,1.81,1.85,1.83,1.8,1.77,1.74,1.72,1.67,1.63,1.61,1.56,1.56,1.59,1.6,1.63,1.69,1.76,1.83,1.92,2.0,2.12,2.25,2.39,2.53,2.71,2.91,3.11,3.33,3.57,3.78,4.03,4.25,4.44,4.63,4.78,4.81,4.81,4.81,4.81,4.81,4.81,4.81,4.81,4.81,4.81,4.81,2
4.77,4.77,4.77,4.77,4.77,4.77,4.42,3.56,3.25,2.5,1.96,2.33,2.19,2.26,2.01,2.2,1.87,2.71,2.8,2.44,2.94,2.94,2.5,2.47,2.45,2.07,1.99,2.19,1.91,1.87,1.4,1.26,1.02,0.83,0.88,1.46,2.25,3.13,3.86,4.48,4.77,4.78,4.78,4.77,4.77,4.77,4.78,4.78,4.76,4.63,4.35,4.02,3.66,3.26,2.79,2.35,1.92,1.49,1.14,0.89,0.75,0.66,0.62,0.63,0.7,0.8,0.91,1.03,1.14,1.18,1.2,1.17,1.15,1.18,1.21,1.18,1.13,1.09,1.04,0.98,4.81,4.81,4.81,4.81,4.81,4.81,4.81,4.21,3.77,3.12,2.97,3.47,3.2,4.19,3.71,3.8,3.33,3.83,4.2,4.47,4.29,4.26,3.98,3.6,3.5,3.61,2.99,3.74,3.49,2.99,2.29,1.74,1.25,1.44,1.83,2.61,3.01,3.58,4.04,4.57,4.81,4.8,4.81,4.8,4.81,4.81,4.8,4.8,4.81,4.81,4.81,4.81,4.81,4.81,4.81,4.8,4.81,4.81,4.81,4.73,4.33,3.93,3.52,3.11,2.68,2.31,1.96,1.62,1.3,1.0,0.75,0.64,0.64,0.69,0.74,0.81,0.82,0.87,0.87,0.87,2
0.67,0.85,1.15,1.46,1.84,2.21,2.38,3.27,3.83,4.69,4.77,4.77,4.77,4.77,4.69,3.89,3.21,2.27,1.58,1.3,1.39,1.67,2.01,2.41,2.77,3.05,3.25,3.38,3.44,3.43,3.39,3.3,3.18,3.04,2.85,2.65,2.45,2.22,2.0,1.8,1.6,1.4,1.22,1.03,0.87,0.73,0.65,0.6,0.56,0.54,0.53,0.53,0.53,0.52,0.53,0.53,0.54,0.56,0.56,0.6,0.63,0.65,0.69,0.74,0.78,0.8,0.85,0.87,0.91,0.96,0.98,1.04,1.09,1.11,1.16,1.16,1.15,1.13,1.12,1.09,0.82,1.11,1.58,1.85,1.85,2.98,3.99,4.81,4.81,4.81,4.81,4.81,4.81,4.81,4.81,4.35,3.72,3.07,2.52,1.88,1.4,1.12,1.12,1.28,1.6,1.96,2.35,2.79,3.25,3.74,4.13,4.47,4.69,4.81,4.81,4.81,4.81,4.81,4.81,4.81,4.81,4.76,4.57,4.35,4.12,3.9,3.66,3.39,3.13,2.89,2.68,2.45,2.24,2.06,1.84,1.64,1.45,1.26,1.08,0.9,0.76,0.65,0.54,0.47,0.45,0.49,0.56,0.6,0.65,0.69,0.73,0.76,0.8,0.83,0.9,0.92,0.96,1.02,1.08,1.08,2
0.6,0.61,0.66,0.68,0.71,0.78,0.84,0.84,0.94,1.0,0.96,1.01,1.62,1.75,1.62,2.39,3.39,4.1,4.77,4.77,4.77,4.77,4.77,4.77,4.77,4.77,3.45,2.32,1.62,1.23,1.05,1.03,1.07,1.11,1.2,1.23,1.29,1.34,1.33,1.34,1.35,1.35,1.36,1.35,1.34,1.3,1.29,1.26,1.22,1.18,1.14,1.12,1.1,1.1,1.08,1.1,1.1,1.11,1.12,1.16,1.21,1.25,1.26,1.27,1.28,1.29,1.27,1.29,1.28,1.28,1.27,1.23,1.21,1.19,1.16,1.08,1.03,0.99,0.94,0.9,0.8,0.74,0.7,0.64,0.59,0.53,0.47,0.43,0.52,0.65,0.75,1.08,1.49,2.15,2.52,3.52,4.81,4.81,4.81,4.81,4.81,4.81,4.81,4.81,4.81,4.81,3.67,2.54,1.8,1.69,1.87,2.17,2.52,2.77,2.83,2.88,2.97,2.98,2.91,2.92,2.88,2.82,2.72,2.63,2.53,2.43,2.3,2.17,2.02,1.92,1.8,1.71,1.65,1.58,1.5,1.46,1.43,1.4,1.39,1.4,1.42,1.45,1.48,1.52,1.58,1.65,1.7,1.77,1.84,1.9,1.95,1.98,2.06,2.14,2.19,2.24,2.27,2.32,2.33,2.37,2
0.76,0.9,1.19,1.24,1.49,1.89,2.22,3.0,3.26,4.18,4.75,4.77,4.77,4.77,4.77,4.77,4.15,2.97,2.0,1.42,1.23,1.22,1.31,1.45,1.56,1.68,1.72,1.74,1.74,1.73,1.67,1.63,1.57,1.51,1.46,1.39,1.34,1.32,1.28,1.24,1.23,1.25,1.26,1.28,1.33,1.36,1.43,1.51,1.56,1.64,1.71,1.75,1.83,1.92,2.02,2.12,2.22,2.3,2.36,2.4,2.4,2.35,2.24,2.04,1.79,1.5,1.13,0.88,0.75,0.73,0.91,1.22,1.61,2.06,2.47,2.87,3.29,3.7,4.07,4.44,0.94,1.28,1.67,1.61,1.64,2.68,4.13,4.81,4.81,4.81,4.81,4.81,4.81,4.81,4.81,4.81,4.81,4.56,3.28,2.21,1.53,1.28,1.3,1.49,1.68,1.88,2.02,2.12,2.16,2.2,2.25,2.3,2.32,2.32,2.3,2.24,2.17,2.14,2.09,2.06,2.01,2.0,1.97,1.97,1.99,2.04,2.12,2.2,2.3,2.46,2.57,2.78,3.01,3.26,3.55,3.88,4.19,4.51,4.79,4.81,4.81,4.8,4.81,4.81,4.81,4.81,4.81,4.81,4.81,4.81,4.81,4.81,4.65,4.16,3.6,3.09,2.57,2.07,1.55,1.12,2
0.93,0.97,1.09,1.18,1.26,1.35,1.5,1.64,1.78,2.19,3.06,4.07,4.77,4.77,4.77,4.77,4.77,4.77,4.77,4.77,4.77,4.77,4.4,2.89,2.09,1.8,1.85,2.01,2.17,2.32,2.43,2.51,2.58,2.62,2.61,2.6,2.56,2.52,2.47,2.4,2.33,2.26,2.16,2.09,1.94,1.84,1.75,1.64,1.54,1.42,1.3,1.17,1.01,0.92,0.81,0.73,0.68,0.64,0.61,0.59,0.58,0.56,0.54,0.54,0.53,0.53,0.52,0.52,0.52,0.51,0.51,0.51,0.51,0.51,0.51,0.51,0.52,0.52,0.53,0.54,0.7,0.8,0.91,0.98,1.19,1.28,1.48,1.7,2.39,3.43,4.81,4.81,4.81,4.81,4.81,4.81,4.81,4.81,4.81,4.81,4.81,4.81,4.81,4.18,2.83,2.45,2.59,2.92,3.36,3.78,4.13,4.42,4.61,4.79,4.81,4.81,4.81,4.81,4.81,4.81,4.81,4.81,4.71,4.62,4.53,4.46,4.39,4.33,4.23,4.1,3.96,3.83,3.65,3.53,3.38,3.23,3.12,2.95,2.82,2.68,2.54,2.41,2.28,2.16,2.02,1.93,1.82,1.78,1.69,1.63,1.55,1.5,1.41,1.35,1.24,1.14,1.04,0.91,0.8,0.66,2
51.0,0.51,0.51,0.51,0.51,0.52,0.52,0.52,0.52,0.52,0.52,0.52,0.52,0.52,0.52,0.55,0.61,0.72,1.27,1.75,2.57,2.89,3.73,4.76,4.77,4.77,4.77,4.77,4.77,4.77,4.77,4.77,4.32,2.87,1.96,1.53,1.42,1.49,1.58,1.68,1.81,1.86,1.96,2.0,2.0,2.01,2.0,1.96,1.94,1.9,1.87,1.79,1.74,1.69,1.63,1.62,1.59,1.59,1.6,1.62,1.65,1.68,1.74,1.8,1.84,1.89,1.97,2.07,2.16,2.25,2.35,2.43,2.47,2.53,2.53,2.49,2.39,2.2,2.04,1.81,0.53,0.53,0.53,0.5,0.52,0.55,0.52,0.48,0.44,0.42,0.38,0.35,0.35,0.34,0.36,0.38,0.58,1.05,1.34,1.51,1.98,2.62,4.58,4.81,4.81,4.81,4.81,4.81,4.81,4.81,4.81,4.81,4.81,4.26,3.1,2.11,1.58,1.4,1.46,1.54,1.66,1.82,2.02,2.11,2.16,2.2,2.21,2.24,2.26,2.24,2.18,2.16,2.1,2.03,1.96,1.91,1.86,1.79,1.75,1.74,1.75,1.76,1.83,1.87,1.96,2.04,2.18,2.32,2.5,2.71,2.94,3.16,3.4,3.66,3.9,4.13,4.29,4.4,4.52,4.57,2
0.62,0.66,1.0,1.72,1.66,2.44,2.64,3.74,4.75,4.77,4.77,4.77,4.77,4.77,4.77,4.77,4.77,3.67,2.49,1.88,1.68,1.72,1.82,1.97,2.13,2.24,2.34,2.39,2.4,2.38,2.37,2.32,2.27,2.19,2.13,2.06,1.98,1.89,1.82,1.77,1.7,1.63,1.57,1.47,1.39,1.32,1.23,1.22,1.15,1.13,1.08,1.02,1.02,1.02,1.05,1.09,1.12,1.16,1.17,1.19,1.24,1.58,1.6,1.45,1.3,1.2,0.97,0.84,0.75,0.66,0.6,0.57,0.55,0.56,0.56,0.57,0.59,0.57,0.57,0.57,0.88,1.47,1.45,1.48,1.72,3.09,4.81,4.81,4.81,4.81,4.81,4.81,4.81,4.81,4.81,4.81,4.81,4.81,3.85,2.65,1.89,1.49,1.34,1.39,1.5,1.65,1.82,2.0,2.29,2.44,2.57,2.61,2.65,2.65,2.7,2.69,2.69,2.61,2.53,2.4,2.26,2.14,2.01,1.92,1.8,1.73,1.62,1.58,1.47,1.44,1.38,1.32,1.33,1.3,1.3,1.3,1.33,1.37,1.45,1.52,1.63,2.0,2.07,1.97,1.87,2.0,2.33,2.41,2.48,2.24,1.74,1.34,1.22,1.47,1.89,2.38,2.87,3.42,3.94,4.49,2
0.58,0.78,0.86,1.24,1.52,1.73,2.12,2.28,2.66,3.56,4.68,4.77,4.77,4.77,4.76,3.59,2.46,1.79,1.63,1.8,2.08,2.36,2.65,2.8,2.98,3.12,3.09,3.12,3.05,2.96,2.84,2.73,2.59,2.44,2.3,2.17,2.05,1.88,1.76,1.64,1.52,1.45,1.33,1.24,1.21,1.15,1.13,1.11,1.13,1.18,1.23,1.31,1.41,1.53,1.59,1.65,1.7,1.73,1.74,1.74,1.71,1.64,1.55,1.43,1.26,1.05,0.85,0.71,0.65,0.67,0.87,1.2,1.59,2.07,2.49,2.89,3.24,3.61,3.9,4.17,0.76,0.84,1.28,1.47,1.76,2.48,3.37,4.16,4.81,4.81,4.81,4.81,4.81,4.81,4.81,4.47,3.06,2.26,1.85,1.68,1.7,1.78,1.96,2.18,2.38,2.53,2.65,2.75,2.86,2.96,3.02,3.06,3.08,3.09,3.22,3.34,3.46,3.48,3.45,3.4,3.35,3.24,3.1,2.98,2.86,2.72,2.62,2.48,2.38,2.29,2.2,2.16,2.14,2.12,2.16,2.16,2.2,2.22,2.28,2.34,2.4,2.41,2.45,2.45,2.44,2.36,2.28,2.19,2.06,1.9,1.72,1.52,1.28,1.02,0.78,0.71,0.81,0.93,1.04,1.17,2
0.82,0.89,1.01,1.41,1.29,1.45,1.65,1.74,2.34,2.82,3.26,4.01,4.67,4.77,4.77,4.77,4.05,3.15,2.3,1.6,1.24,1.18,1.16,1.29,1.4,1.5,1.6,1.71,1.7,1.69,1.65,1.61,1.5,1.41,1.3,1.19,1.06,0.96,0.88,0.78,0.73,0.66,0.64,0.6,0.58,0.57,0.55,0.57,0.59,0.65,0.65,0.73,0.8,0.88,0.95,1.03,1.12,1.18,1.24,1.28,1.28,1.29,1.32,1.27,1.22,1.15,1.04,0.94,0.82,0.72,0.63,0.59,0.56,0.57,0.57,0.64,0.74,0.84,1.07,1.22,0.72,0.88,1.08,1.28,1.27,1.89,2.29,2.72,3.23,4.75,4.81,4.81,4.81,4.81,4.81,4.81,3.79,2.91,2.04,1.61,1.49,1.54,1.73,1.92,2.15,2.38,2.56,2.75,2.83,2.86,2.83,2.83,2.85,2.85,2.85,2.75,2.66,2.54,2.39,2.27,2.12,2.0,1.88,1.72,1.61,1.52,1.46,1.44,1.44,1.46,1.51,1.57,1.67,1.78,1.88,1.99,2.11,2.22,2.33,2.41,2.53,2.56,2.61,2.64,2.61,2.6,2.47,2.41,2.3,2.16,1.97,1.82,1.69,1.55,1.4,1.26,1.18,1.03,0.89,0.75,2
0.64,0.67,0.69,0.74,0.74,0.77,0.9,1.1,1.84,2.08,2.96,4.04,4.75,4.77,4.77,4.77,4.77,4.77,4.77,4.77,4.62,3.42,2.41,1.66,1.22,0.99,0.94,1.0,1.11,1.17,1.27,1.31,1.38,1.41,1.43,1.45,1.45,1.42,1.41,1.37,1.34,1.31,1.25,1.25,1.21,1.19,1.2,1.14,1.17,1.08,1.07,1.07,1.03,1.02,1.02,1.0,0.99,1.02,1.02,1.03,1.05,1.06,1.07,1.09,1.11,1.13,1.14,1.14,1.15,1.13,1.11,1.11,1.1,1.05,0.98,0.94,0.88,0.81,0.75,0.68,0.72,0.8,0.87,0.88,1.13,1.19,1.67,1.61,1.9,3.08,4.27,4.81,4.81,4.81,4.81,4.81,4.81,4.81,4.81,4.81,4.78,4.11,3.52,3.04,2.59,2.06,1.57,1.21,0.91,0.77,0.79,0.91,1.09,1.27,1.39,1.52,1.59,1.65,1.7,1.74,1.74,1.74,1.73,1.66,1.64,1.63,1.59,1.55,1.51,1.47,1.42,1.4,1.3,1.3,1.3,1.26,1.27,1.32,1.3,1.31,1.35,1.4,1.42,1.49,1.56,1.55,1.62,1.67,1.74,1.76,1.8,1.88,1.89,1.92,1.96,1.92,1.93,1.94,1.92,1.88,2
0.56,0.54,0.53,0.62,0.61,0.86,1.22,1.35,1.29,2.21,2.83,2.88,3.52,4.32,4.77,4.77,4.77,4.77,4.6,3.57,2.53,1.74,1.34,1.31,1.3,1.43,1.55,1.6,1.66,1.68,1.65,1.64,1.59,1.51,1.4,1.32,1.25,1.16,1.09,1.01,0.96,0.88,0.85,0.76,0.74,0.71,0.68,0.7,0.7,0.74,0.76,0.8,0.81,0.83,0.84,0.79,0.75,0.68,0.62,0.58,0.56,0.54,0.54,0.61,0.78,0.97,1.18,1.38,1.55,1.68,1.83,1.95,2.03,2.16,2.27,2.27,2.28,2.29,2.23,2.14,0.73,0.74,0.73,0.79,1.09,1.16,1.47,1.73,2.07,2.29,3.42,4.63,4.81,4.81,4.81,4.81,4.81,4.81,4.81,3.53,2.63,1.84,1.5,1.35,1.57,1.7,1.92,2.07,2.28,2.46,2.6,2.76,2.88,2.96,3.01,3.01,3.0,2.93,2.88,2.77,2.69,2.66,2.56,2.5,2.48,2.39,2.35,2.34,2.29,2.31,2.3,2.33,2.31,2.34,2.44,2.45,2.5,2.53,2.56,2.54,2.54,2.53,2.48,2.4,2.28,2.16,2.01,1.86,1.73,1.55,1.41,1.23,1.02,0.84,0.67,0.63,0.69,0.79,0.91,1.01,2
0.58,0.61,0.76,0.89,1.13,1.4,1.83,2.16,2.86,3.19,4.19,4.61,4.74,4.77,4.77,4.77,4.77,4.6,3.59,2.51,1.73,1.33,1.24,1.23,1.42,1.52,1.64,1.8,1.83,1.89,1.89,1.89,1.89,1.82,1.77,1.73,1.66,1.6,1.55,1.45,1.43,1.37,1.33,1.29,1.29,1.28,1.27,1.29,1.37,1.37,1.42,1.44,1.51,1.58,1.63,1.7,1.78,1.85,1.95,2.0,2.08,2.17,2.19,2.17,2.1,1.99,1.83,1.58,1.35,1.08,0.87,0.73,0.65,0.61,0.71,0.88,1.07,1.32,1.58,1.83,0.79,0.99,1.13,1.48,1.68,1.97,2.02,2.55,3.13,4.02,4.81,4.81,4.81,4.81,4.81,4.81,4.41,3.84,3.14,2.67,2.09,1.59,1.24,0.91,0.84,0.85,0.96,1.05,1.12,1.18,1.22,1.35,1.43,1.52,1.55,1.56,1.63,1.71,1.74,1.74,1.74,1.68,1.62,1.55,1.52,1.46,1.37,1.35,1.35,1.32,1.36,1.37,1.46,1.47,1.59,1.72,1.83,1.99,2.13,2.31,2.5,2.73,2.95,3.13,3.26,3.32,3.32,3.36,3.38,3.38,3.37,3.27,3.22,3.14,2.97,2.8,2.62,2.45,2.3,2.1,2
0.86,0.98,1.15,1.27,1.69,1.99,2.34,2.72,3.21,4.12,4.77,4.77,4.77,4.77,4.77,4.77,4.33,3.11,2.09,1.52,1.38,1.44,1.57,1.75,1.92,2.02,2.18,2.17,2.21,2.26,2.21,2.17,2.16,2.08,2.04,2.0,1.91,1.83,1.73,1.68,1.62,1.55,1.53,1.48,1.43,1.42,1.37,1.35,1.37,1.37,1.39,1.38,1.39,1.43,1.44,1.46,1.5,1.51,1.51,1.52,1.56,1.58,1.6,1.6,1.63,1.64,1.66,1.63,1.6,1.62,1.52,1.46,1.4,1.3,1.21,1.15,1.06,0.95,0.88,0.79,0.74,1.07,1.41,1.58,1.79,2.24,3.24,4.13,4.81,4.81,4.81,4.81,4.81,4.81,4.81,4.81,3.67,2.71,2.16,1.64,1.24,0.94,0.84,0.71,0.7,0.74,0.81,0.89,0.91,1.0,1.01,1.09,1.11,1.17,1.21,1.2,1.19,1.18,1.17,1.18,1.19,1.15,1.15,1.17,1.14,1.16,1.14,1.16,1.19,1.23,1.27,1.3,1.3,1.36,1.39,1.43,1.46,1.52,1.61,1.65,1.71,1.77,1.86,1.87,1.97,1.99,2.04,2.05,2.07,2.08,2.06,2.06,2.07,2.04,1.97,1.95,1.92,1.9,1.8,1.78,2
0.69,0.76,0.79,0.83,0.93,0.97,0.99,1.05,1.2,1.29,1.44,1.3,1.49,2.25,2.79,3.68,4.68,4.77,4.77,4.77,4.77,3.99,2.99,2.12,1.5,1.14,1.05,1.05,1.13,1.29,1.34,1.36,1.37,1.33,1.29,1.19,1.08,0.99,0.86,0.76,0.7,0.63,0.6,0.57,0.55,0.53,0.54,0.53,0.52,0.52,0.51,0.52,0.51,0.52,0.52,0.54,0.56,0.6,0.62,0.67,0.72,0.77,0.78,0.82,0.85,0.86,0.85,0.81,0.8,0.71,0.67,0.63,0.58,0.56,0.54,0.55,0.61,0.73,0.89,1.11,0.71,0.78,0.84,0.92,0.99,1.04,1.1,1.15,1.61,2.05,2.37,2.6,2.43,2.47,3.43,4.35,4.81,4.81,4.81,4.43,3.48,2.55,1.79,1.47,1.36,1.5,1.63,1.74,1.86,1.99,2.13,2.19,2.28,2.29,2.28,2.2,2.13,2.02,1.96,1.84,1.78,1.66,1.56,1.53,1.48,1.37,1.33,1.28,1.23,1.21,1.16,1.19,1.26,1.32,1.36,1.41,1.49,1.6,1.65,1.8,1.94,2.03,2.18,2.31,2.49,2.65,2.76,2.88,3.01,3.09,3.11,3.12,3.09,3.0,2.9,2.77,2.63,2.43,2.27,2.03,2
0.75,0.97,1.3,1.87,1.74,1.88,2.44,3.02,3.84,4.51,4.77,4.77,4.77,4.77,4.55,3.61,2.58,1.8,1.32,1.13,1.16,1.19,1.32,1.43,1.55,1.63,1.7,1.71,1.72,1.72,1.71,1.64,1.65,1.55,1.52,1.47,1.41,1.37,1.35,1.33,1.3,1.3,1.32,1.36,1.39,1.43,1.47,1.52,1.57,1.61,1.71,1.73,1.81,1.87,1.97,2.05,2.16,2.3,2.44,2.57,2.64,2.63,2.56,2.39,2.23,2.0,1.69,1.37,1.05,0.84,0.8,1.02,1.37,1.85,2.43,3.06,3.67,4.25,4.73,4.77,1.18,1.23,1.4,2.23,2.37,3.2,3.97,4.77,4.81,4.81,4.81,4.81,4.81,4.64,3.65,2.71,2.17,1.76,1.38,1.07,0.85,0.78,0.83,0.9,0.93,0.96,0.96,1.03,1.11,1.15,1.17,1.22,1.31,1.33,1.4,1.36,1.34,1.32,1.32,1.3,1.33,1.35,1.44,1.46,1.54,1.58,1.71,1.79,1.91,2.02,2.16,2.27,2.43,2.64,2.85,3.11,3.4,3.71,4.04,4.37,4.73,4.81,4.81,4.81,4.81,4.81,4.81,4.81,4.81,4.81,4.81,4.81,4.8,4.52,4.18,3.82,3.4,2.99,2.54,2.04,2
0.52,0.52,0.58,0.58,0.76,1.24,1.8,2.13,2.2,2.5,3.37,3.65,4.77,4.77,4.77,4.77,4.77,4.77,4.76,3.76,2.67,1.85,1.36,1.3,1.32,1.53,1.68,1.86,1.94,2.08,2.16,2.23,2.33,2.38,2.39,2.42,2.44,2.49,2.49,2.51,2.56,2.55,2.6,2.64,2.71,2.73,2.83,2.9,2.92,2.96,3.0,3.04,3.04,3.0,2.94,2.85,2.73,2.59,2.36,2.06,1.75,1.38,1.08,0.86,0.73,0.69,0.77,0.94,1.23,1.58,1.96,2.35,2.67,2.96,3.19,3.42,3.59,3.77,3.89,4.02,0.73,0.72,1.0,0.99,1.11,1.62,2.09,2.28,3.07,4.08,4.81,4.81,4.81,4.81,4.81,4.81,4.81,4.81,4.81,3.66,2.73,2.01,1.68,1.3,1.08,0.88,0.82,0.76,0.75,0.78,0.85,0.97,1.11,1.3,1.47,1.67,1.83,1.97,2.07,2.18,2.32,2.44,2.56,2.66,2.81,2.97,3.08,3.23,3.4,3.58,3.79,3.96,4.16,4.39,4.58,4.75,4.81,4.81,4.81,4.81,4.81,4.81,4.67,4.48,4.27,4.1,3.82,3.56,3.22,2.96,2.61,2.3,2.0,1.68,1.39,1.11,0.87,0.68,0.64,0.71,2
0.65,0.65,0.72,0.96,1.55,1.69,1.78,1.9,2.55,3.5,4.28,4.77,4.77,4.77,4.77,4.77,4.77,4.72,3.93,2.82,1.94,1.45,1.33,1.42,1.57,1.74,1.89,2.04,2.12,2.17,2.2,2.2,2.28,2.17,2.15,2.11,2.02,1.98,1.93,1.87,1.76,1.71,1.63,1.55,1.5,1.44,1.37,1.31,1.31,1.27,1.29,1.27,1.29,1.32,1.36,1.43,1.47,1.53,1.58,1.63,1.69,1.73,1.8,1.83,1.87,1.89,1.95,1.95,1.95,2.0,2.04,2.11,2.14,2.15,2.16,2.14,2.12,2.05,1.96,1.9,0.71,0.82,0.86,1.08,1.82,2.02,2.18,2.78,3.94,4.81,4.81,4.81,4.81,4.81,4.81,4.81,4.81,4.0,2.9,2.28,1.69,1.39,1.21,0.98,0.84,0.83,0.76,0.7,0.77,0.77,0.86,0.93,1.04,1.13,1.14,1.2,1.23,1.18,1.2,1.13,1.07,1.0,0.96,0.99,0.96,1.0,1.01,1.0,1.03,1.0,0.99,0.97,0.96,0.97,0.96,1.04,1.1,1.16,1.22,1.25,1.3,1.34,1.41,1.45,1.51,1.55,1.61,1.67,1.75,1.82,1.92,1.96,1.98,2.01,2.09,2.13,2.19,2.24,2.31,2.33,2
0.52,0.52,0.52,0.52,0.51,0.52,0.52,0.51,0.53,0.53,0.62,0.64,0.98,2.22,2.58,2.98,3.82,4.68,4.77,4.77,4.77,4.77,4.77,4.77,4.77,4.77,4.42,3.09,2.14,1.63,1.51,1.6,1.81,2.04,2.17,2.3,2.39,2.46,2.47,2.46,2.44,2.39,2.31,2.27,2.18,2.09,2.01,1.95,1.86,1.79,1.77,1.71,1.7,1.7,1.69,1.74,1.73,1.77,1.81,1.84,1.88,1.92,1.96,2.02,2.05,2.07,2.15,2.18,2.28,2.34,2.38,2.42,2.39,2.36,2.32,2.21,2.06,1.84,1.61,1.32,0.91,0.87,0.84,0.84,0.78,0.74,0.71,0.67,0.65,0.72,1.09,1.14,1.68,2.25,2.77,3.69,4.81,4.81,4.81,4.81,4.81,4.81,4.81,4.81,4.81,4.43,3.3,2.65,1.8,1.33,1.13,0.95,0.88,0.88,0.89,0.89,0.92,0.94,0.94,1.0,1.03,1.07,1.16,1.15,1.2,1.25,1.23,1.22,1.19,1.16,1.16,1.08,1.05,1.02,1.01,1.05,1.09,1.13,1.23,1.29,1.36,1.49,1.65,1.78,1.95,2.1,2.29,2.46,2.65,2.85,3.05,3.3,3.47,3.69,3.92,4.16,4.33,4.51,4.65,4.81,2
0.52,0.51,0.51,0.51,0.51,0.51,0.51,0.51,0.51,0.51,0.51,0.52,0.53,0.52,0.52,0.53,0.58,0.58,0.6,0.6,0.65,1.58,1.38,1.17,1.05,0.96,0.84,0.78,0.72,0.67,0.62,0.58,0.56,0.54,0.53,0.52,0.52,0.51,0.51,0.51,0.51,0.51,0.51,0.51,0.51,0.51,0.51,0.51,0.52,0.53,0.54,0.55,0.59,0.64,0.68,0.72,0.77,0.81,0.86,0.9,0.92,0.95,0.99,1.0,0.99,0.95,0.96,0.93,0.89,0.86,0.82,0.79,0.71,0.65,0.6,0.57,0.54,0.53,0.52,0.52,0.77,0.75,0.76,0.73,0.72,0.7,0.66,0.69,0.8,0.97,1.48,1.58,1.97,2.48,3.15,3.47,4.05,4.67,4.81,4.81,4.81,4.81,4.81,4.51,3.48,2.53,1.96,1.37,1.18,1.14,1.21,1.25,1.33,1.42,1.42,1.46,1.48,1.56,1.54,1.58,1.57,1.55,1.59,1.58,1.56,1.55,1.53,1.49,1.49,1.45,1.47,1.49,1.48,1.46,1.44,1.45,1.47,1.5,1.54,1.6,1.66,1.71,1.78,1.8,1.84,1.84,1.87,1.89,1.94,2.01,2.08,2.14,2.21,2.28,2.35,2.37,2.35,2.38,2.32,2.31,3
0.61,0.6,0.57,0.55,0.55,0.56,0.55,0.54,0.53,0.53,0.52,0.52,0.52,0.54,0.64,0.63,0.62,0.58,0.56,0.55,0.55,0.55,0.58,0.6,0.62,0.62,0.63,0.61,0.59,0.58,0.56,0.55,0.55,0.54,0.53,0.53,0.53,0.52,0.52,0.52,0.52,0.52,0.52,0.52,0.52,0.52,0.52,0.52,0.51,0.51,0.51,0.51,0.51,0.51,0.51,0.51,0.51,0.51,0.51,0.51,0.51,0.51,0.51,0.51,0.51,0.51,0.51,0.51,0.51,0.51,0.51,0.51,0.51,0.51,0.51,0.51,0.5,0.51,0.51,0.51,0.78,0.8,0.84,0.95,1.16,1.13,1.13,1.69,1.94,1.98,2.58,3.05,3.24,3.33,3.14,2.8,2.41,1.88,1.46,1.11,1.03,0.99,0.96,1.0,1.05,1.04,1.04,1.06,1.02,1.05,1.01,0.99,0.96,0.92,0.89,0.91,0.88,0.88,0.86,0.87,0.86,0.8,0.75,0.72,0.68,0.68,0.67,0.64,0.62,0.62,0.58,0.53,0.53,0.53,0.55,0.55,0.54,0.55,0.51,0.5,0.52,0.5,0.53,0.54,0.56,0.59,0.56,0.55,0.55,0.55,0.54,0.56,0.58,0.57,0.54,0.57,0.54,0.51,0.49,0.48,3
0.5,0.51,0.51,0.51,0.51,0.51,0.51,0.51,0.52,0.52,0.53,0.53,0.57,0.54,0.7,0.7,0.76,0.79,0.78,0.75,0.72,0.69,0.65,0.61,0.58,0.56,0.54,0.53,0.53,0.52,0.52,0.51,0.51,0.51,0.51,0.51,0.51,0.51,0.51,0.51,0.52,0.55,0.6,0.65,0.71,0.8,0.88,0.98,1.06,1.15,1.27,1.42,1.57,1.7,1.79,1.87,1.91,1.96,1.93,1.91,1.85,1.79,1.66,1.48,1.21,0.94,0.77,0.7,0.8,1.06,1.38,1.75,2.12,2.48,2.8,3.07,3.27,3.45,3.59,3.7,0.79,0.94,1.17,1.4,1.77,2.47,2.88,3.46,3.64,4.0,4.44,4.59,4.8,4.81,4.81,4.6,3.51,2.47,1.84,1.71,1.66,1.77,1.77,1.77,1.8,1.77,1.7,1.61,1.55,1.51,1.42,1.34,1.3,1.28,1.25,1.19,1.27,1.21,1.2,1.25,1.22,1.29,1.3,1.38,1.44,1.52,1.61,1.73,1.88,2.03,2.19,2.37,2.55,2.74,2.98,3.18,3.39,3.6,3.82,3.97,4.08,4.19,4.26,4.33,4.31,4.32,4.28,4.18,4.05,3.87,3.63,3.38,3.01,2.67,2.27,1.87,1.46,1.07,0.89,0.8,3
0.51,0.52,0.52,0.54,0.54,0.55,0.55,0.56,0.58,0.59,0.58,0.62,0.67,0.84,0.76,0.66,0.6,0.6,0.57,0.57,0.62,0.65,0.76,0.9,1.08,1.27,1.48,1.68,1.86,2.01,2.07,2.05,1.92,1.73,1.44,1.11,0.88,0.76,0.85,1.1,1.45,1.87,2.32,2.81,3.32,3.81,4.3,4.74,4.77,4.77,4.77,4.77,4.77,4.77,4.77,4.77,4.77,4.77,4.77,4.77,4.77,4.36,3.86,3.32,2.8,2.34,1.89,1.45,1.09,0.87,0.73,0.67,0.74,0.9,1.09,1.3,1.56,1.81,2.02,2.14,0.73,0.99,1.45,1.62,2.06,2.52,3.06,3.73,4.58,4.81,4.81,4.81,4.81,4.81,4.81,4.61,3.2,2.51,2.43,2.62,2.97,3.23,3.49,3.72,3.9,4.07,4.19,4.28,4.35,4.4,4.45,4.55,4.61,4.67,4.56,4.42,4.3,4.08,3.92,3.72,3.52,3.33,3.14,2.91,2.58,2.25,1.95,1.63,1.3,1.0,0.86,0.83,0.81,0.95,1.12,1.33,1.48,1.61,1.73,1.76,1.8,1.81,1.81,1.83,1.82,1.81,1.76,1.71,1.66,1.6,1.56,1.54,1.52,1.54,1.57,1.59,1.59,1.58,1.6,1.57,3
0.53,0.54,0.57,0.58,0.61,0.63,0.68,0.69,0.8,0.98,0.81,0.7,0.64,0.61,0.6,0.61,0.63,0.68,0.71,0.76,0.84,0.84,0.88,0.93,0.95,0.98,1.01,1.04,1.05,1.07,1.1,1.08,1.1,1.14,1.18,1.18,1.22,1.19,1.17,1.24,1.09,1.0,0.83,0.74,0.69,0.63,0.62,0.58,0.56,0.54,0.53,0.52,0.52,0.51,0.51,0.51,0.51,0.51,0.52,0.51,0.51,0.51,0.51,0.51,0.52,0.51,0.52,0.52,0.52,0.52,0.52,0.52,0.52,0.52,0.52,0.52,0.52,0.52,0.51,0.52,0.94,0.87,1.15,1.43,1.79,2.38,2.79,3.16,3.4,3.42,2.86,2.26,1.6,1.44,1.51,1.59,1.64,1.72,1.74,1.75,1.72,1.72,1.62,1.63,1.56,1.54,1.49,1.46,1.48,1.38,1.3,1.4,1.49,1.5,1.38,1.71,1.84,1.96,2.13,2.19,2.17,1.92,1.56,1.21,1.19,1.13,1.14,1.22,1.28,1.34,1.37,1.42,1.37,1.37,1.33,1.28,1.24,1.16,1.09,1.04,0.95,0.89,0.85,0.79,0.74,0.71,0.67,0.66,0.65,0.66,0.61,0.57,0.55,0.54,0.51,0.51,0.56,0.52,0.48,0.46,3
0.51,0.51,0.54,0.55,0.55,0.56,0.59,0.61,0.62,0.62,0.64,0.63,0.62,0.59,0.65,1.1,1.18,1.11,1.0,0.88,0.88,0.83,0.74,0.69,0.63,0.59,0.56,0.54,0.53,0.52,0.52,0.52,0.51,0.51,0.51,0.52,0.55,0.6,0.68,0.81,0.9,1.03,1.14,1.3,1.44,1.59,1.72,1.89,2.06,2.26,2.47,2.65,2.83,3.03,3.22,3.4,3.53,3.64,3.75,3.79,3.75,3.59,3.31,3.0,2.64,2.19,1.67,1.23,0.97,1.04,1.33,1.85,2.42,3.05,3.67,4.2,4.65,4.77,4.77,4.77,0.94,1.1,1.31,1.64,1.85,2.38,3.25,3.71,3.96,4.81,4.81,4.81,4.81,4.81,4.81,4.81,4.81,4.16,2.85,2.31,2.29,2.28,2.35,2.5,2.55,2.55,2.54,2.54,2.46,2.35,2.24,2.15,2.1,1.96,1.88,1.88,1.79,1.78,1.84,1.87,1.96,2.02,2.09,2.2,2.32,2.47,2.6,2.74,2.9,3.07,3.17,3.32,3.49,3.58,3.71,3.87,3.97,4.1,4.18,4.33,4.56,4.67,4.78,4.81,4.81,4.72,4.65,4.55,4.45,4.27,4.07,3.9,3.7,3.42,3.08,2.73,2.29,1.8,1.34,1.03,3
0.53,0.53,0.53,0.52,0.52,0.52,0.52,0.52,0.52,0.52,0.52,0.52,0.51,0.51,0.51,0.52,0.55,0.55,0.58,0.6,0.6,0.57,0.56,0.79,0.73,0.7,0.72,0.67,0.65,0.62,0.6,0.57,0.55,0.54,0.53,0.52,0.52,0.52,0.52,0.52,0.52,0.51,0.51,0.51,0.51,0.51,0.51,0.51,0.51,0.51,0.51,0.51,0.51,0.51,0.51,0.51,0.51,0.51,0.51,0.51,0.51,0.51,0.51,0.51,0.51,0.51,0.51,0.51,0.51,0.51,0.51,0.51,0.51,0.51,0.51,0.51,0.51,0.51,0.51,0.51,0.87,0.87,0.86,0.83,0.86,0.85,0.87,0.88,0.84,0.83,0.9,0.87,1.06,1.17,1.3,1.63,1.9,2.57,2.95,3.32,3.92,4.36,4.57,4.51,4.49,3.83,2.64,2.16,1.96,1.93,1.97,2.05,2.02,2.04,2.1,2.13,2.13,2.14,2.04,2.0,1.89,1.81,1.73,1.67,1.62,1.56,1.52,1.49,1.42,1.34,1.33,1.25,1.16,1.11,1.02,0.95,0.88,0.81,0.79,0.72,0.67,0.71,0.69,0.63,0.62,0.58,0.55,0.53,0.5,0.55,0.52,0.49,0.47,0.5,0.51,0.5,0.59,0.58,0.55,0.6,3
1.47,1.33,1.19,1.06,0.91,0.78,0.68,0.62,0.57,0.55,0.53,0.53,0.52,0.52,0.52,0.53,0.53,0.54,0.58,0.62,0.63,0.73,1.06,1.26,1.37,1.43,1.46,1.4,1.45,1.45,1.42,1.38,1.36,1.31,1.27,1.2,1.15,1.1,1.04,0.98,0.94,0.89,0.86,0.81,0.77,0.72,0.66,0.62,0.58,0.56,0.54,0.53,0.52,0.52,0.51,0.51,0.51,0.51,0.51,0.51,0.51,0.51,0.51,0.51,0.52,0.52,0.54,0.55,0.56,0.57,0.55,0.54,0.54,0.53,0.52,0.52,0.51,0.51,0.52,0.52,2.1,2.09,2.06,2.0,1.93,1.8,1.69,1.62,1.52,1.45,1.51,1.46,1.46,1.67,2.4,2.84,3.16,3.56,4.17,4.81,4.81,4.81,4.81,4.72,4.03,3.45,2.95,2.4,2.01,1.66,1.36,1.11,0.89,0.74,0.63,0.57,0.51,0.5,0.49,0.47,0.5,0.53,0.52,0.54,0.52,0.51,0.46,0.52,0.49,0.51,0.48,0.53,0.49,0.56,0.54,0.66,0.65,0.68,0.72,0.76,0.85,0.87,0.92,0.98,1.07,1.06,1.14,1.15,1.2,1.28,1.3,1.32,1.38,1.33,1.34,1.27,1.24,1.16,1.09,1.07,3
0.51,0.52,0.52,0.55,0.57,0.61,0.6,0.6,0.61,0.6,0.6,0.6,0.6,0.66,0.65,0.89,0.97,0.82,0.73,0.65,0.61,0.59,0.56,0.54,0.53,0.52,0.53,0.53,0.52,0.51,0.52,0.54,0.53,0.54,0.53,0.52,0.52,0.52,0.52,0.53,0.52,0.54,0.53,0.55,0.59,0.65,0.73,0.83,0.89,0.97,1.08,1.19,1.28,1.37,1.59,1.77,1.6,1.65,1.81,1.95,2.11,2.26,2.36,2.48,2.53,2.6,2.65,2.66,2.65,2.63,2.53,2.43,2.26,2.09,1.84,1.57,1.31,1.03,0.83,0.71,0.84,1.01,1.39,1.62,1.96,2.62,3.02,3.52,4.02,4.49,4.72,4.81,4.81,4.81,4.81,4.57,3.81,3.26,2.55,1.99,1.61,1.36,1.2,1.04,0.83,0.81,0.78,0.77,0.75,0.74,0.69,0.66,0.69,0.65,0.72,0.78,0.76,0.73,0.83,0.78,0.87,0.87,0.96,0.95,1.35,1.15,1.71,1.43,1.62,1.69,1.91,2.11,2.05,1.83,1.52,1.17,1.13,1.22,1.41,1.74,2.06,2.35,2.6,2.83,3.07,3.33,3.5,3.72,3.93,4.12,4.36,4.5,4.57,4.61,4.6,4.55,4.4,4.33,4.22,4.05,3
0.87,0.88,0.87,0.87,0.87,0.87,0.85,0.84,0.78,0.77,0.71,0.67,0.64,0.61,0.58,0.58,0.61,0.58,0.6,0.64,0.7,0.69,0.66,0.97,1.23,1.24,1.04,0.97,0.82,0.72,0.65,0.6,0.56,0.62,0.59,0.57,0.61,0.66,0.69,0.7,0.72,0.75,0.77,0.8,0.84,0.85,0.85,0.83,0.84,0.82,0.8,0.78,0.75,0.78,0.73,0.73,0.7,0.68,0.68,0.64,0.63,0.59,0.59,0.56,0.56,0.56,0.56,0.54,0.53,0.52,0.52,0.52,0.52,0.52,0.52,0.54,0.58,0.65,0.72,0.8,0.82,0.87,0.91,0.89,0.89,0.9,0.88,0.92,0.93,0.95,0.91,1.09,1.2,1.41,1.84,2.57,3.11,3.49,3.5,4.28,4.59,4.81,4.81,4.81,4.81,4.74,3.71,2.86,2.24,1.78,1.33,1.11,0.93,0.87,0.81,0.86,0.92,0.99,1.11,1.26,1.4,1.5,1.67,1.8,1.95,2.08,2.12,2.23,2.33,2.32,2.34,2.48,2.38,2.52,2.41,2.46,2.48,2.49,2.41,2.44,2.43,2.43,2.44,2.4,2.32,2.31,2.34,2.25,2.25,2.2,2.14,2.05,1.98,1.86,1.75,1.73,1.56,1.45,1.36,1.24,3
1.38,1.26,1.16,0.99,0.86,0.74,0.66,0.6,0.57,0.55,0.54,0.53,0.52,0.55,0.55,0.57,0.64,0.71,0.77,0.89,1.04,1.21,1.9,2.18,2.2,2.17,2.13,2.01,1.9,1.78,1.68,1.6,1.48,1.37,1.32,1.26,1.18,1.11,1.03,0.93,0.87,0.79,0.71,0.66,0.62,0.59,0.56,0.54,0.53,0.53,0.53,0.52,0.52,0.51,0.51,0.51,0.51,0.51,0.51,0.51,0.51,0.51,0.51,0.51,0.51,0.51,0.51,0.51,0.52,0.52,0.52,0.52,0.52,0.53,0.56,0.6,0.65,0.69,0.73,0.78,2.13,2.02,1.91,1.8,1.63,1.54,1.37,1.24,1.35,1.47,1.4,1.65,1.91,3.04,3.37,3.66,4.55,4.81,4.81,4.81,4.81,4.81,4.81,4.81,4.81,4.02,3.05,2.28,1.64,1.3,1.12,0.99,0.9,0.94,0.95,0.97,1.01,1.06,1.09,1.19,1.21,1.26,1.27,1.33,1.39,1.45,1.49,1.55,1.61,1.66,1.72,1.73,1.78,1.74,1.82,1.78,1.75,1.77,1.63,1.54,1.48,1.42,1.31,1.21,1.14,1.07,1.04,0.96,0.86,0.79,0.67,0.62,0.63,0.56,0.57,0.64,0.68,0.73,0.86,0.95,3
0.86,0.9,0.94,0.98,1.0,1.02,1.03,1.03,1.05,1.05,1.05,1.04,1.03,1.06,1.09,1.14,1.15,1.15,1.13,1.58,1.87,1.94,1.89,1.74,1.58,1.5,1.35,1.2,1.04,0.95,0.83,0.74,0.67,0.61,0.58,0.55,0.53,0.53,0.52,0.53,0.55,0.61,0.66,0.76,0.85,0.93,1.0,1.05,1.08,1.1,1.12,1.1,1.04,0.95,0.87,0.76,0.67,0.61,0.57,0.55,0.54,0.54,0.58,0.66,0.79,0.93,1.09,1.28,1.46,1.62,1.74,1.88,1.99,2.1,2.2,2.28,2.34,2.4,2.44,2.46,0.53,0.61,0.67,0.75,0.89,0.98,1.21,1.38,1.52,2.09,2.6,3.13,4.02,4.57,4.71,4.81,4.81,4.81,4.81,4.81,4.76,4.3,3.52,2.79,2.1,1.55,1.21,0.99,0.97,0.99,0.99,1.09,1.13,1.21,1.27,1.31,1.36,1.42,1.49,1.53,1.62,1.71,1.79,1.89,2.01,2.13,2.21,2.31,2.46,2.51,2.57,2.69,2.77,2.78,2.79,2.74,2.71,2.67,2.6,2.53,2.41,2.31,2.18,2.02,1.89,1.73,1.57,1.42,1.27,1.13,0.96,0.81,0.77,0.64,0.55,0.51,0.47,0.47,0.47,0.52,3
0.79,0.82,0.86,0.89,0.93,0.97,1.0,1.02,1.05,1.07,1.08,1.11,1.18,1.22,1.29,1.3,1.3,1.23,1.18,1.14,1.08,1.02,0.97,0.9,0.83,0.75,0.7,0.7,0.68,0.65,0.62,0.59,0.62,0.63,0.6,0.74,0.81,0.87,0.98,1.06,1.01,1.18,1.13,1.08,1.09,1.05,1.03,0.91,0.8,0.72,0.71,0.65,0.65,0.6,0.62,0.61,0.6,0.64,0.59,0.61,0.57,0.57,0.55,0.73,0.64,0.61,0.74,0.68,0.67,0.62,0.59,0.55,0.54,0.55,0.54,0.56,0.59,0.58,0.66,0.61,0.74,0.77,0.84,0.9,0.96,1.01,1.06,1.11,1.17,1.24,1.24,1.33,1.07,1.05,1.24,1.27,1.07,1.41,1.43,1.55,1.87,1.87,2.18,2.31,2.15,2.27,2.27,2.47,2.56,2.59,3.16,3.15,3.15,3.28,3.13,3.15,2.98,2.75,2.61,2.38,1.93,1.38,1.3,1.31,1.32,1.55,1.66,1.75,1.95,2.12,2.17,2.2,2.21,2.21,2.2,2.22,2.21,2.12,2.08,1.94,1.92,2.1,1.83,1.82,1.61,1.48,1.43,1.29,1.32,1.15,1.18,1.14,1.11,1.44,1.62,1.68,2.15,2.59,2.97,3.34,3
0.87,0.88,0.87,0.87,0.89,0.89,0.97,1.05,1.1,1.17,1.26,1.36,1.43,1.52,1.6,1.63,1.63,1.73,1.74,1.87,2.03,1.97,2.29,2.32,2.41,2.32,2.26,2.2,2.15,2.15,2.05,1.97,1.9,1.82,1.68,1.68,1.6,1.53,1.41,1.37,1.3,1.21,1.13,1.08,1.01,0.95,0.89,0.86,0.85,0.84,0.8,0.76,0.73,0.68,0.66,0.64,0.62,0.59,0.57,0.56,0.54,0.53,0.53,0.53,0.52,0.52,0.52,0.52,0.52,0.52,0.52,0.51,0.51,0.51,0.51,0.51,0.51,0.51,0.51,0.51,1.18,1.46,1.82,1.94,2.24,2.83,3.49,3.81,4.43,4.66,4.81,4.81,4.81,4.81,4.81,4.81,4.81,4.81,4.81,4.81,4.81,4.81,4.36,3.86,3.07,2.27,2.12,2.39,2.67,2.91,3.16,3.3,3.24,3.15,3.04,2.95,2.82,2.64,2.51,2.35,2.18,2.01,1.88,1.69,1.52,1.37,1.22,1.08,0.98,0.85,0.75,0.65,0.6,0.57,0.52,0.52,0.54,0.59,0.62,0.63,0.62,0.64,0.64,0.56,0.51,0.48,0.49,0.48,0.48,0.47,0.47,0.48,0.51,0.51,0.52,0.5,0.47,0.52,0.47,0.49,3
0.51,0.51,0.52,0.57,0.61,0.63,0.67,0.72,0.78,0.78,0.82,0.86,0.88,0.96,1.12,1.12,1.12,1.2,1.35,1.27,1.59,1.19,1.03,1.07,0.96,0.94,0.98,1.03,1.09,1.12,1.13,1.12,1.04,0.91,0.82,0.7,0.67,0.62,0.58,0.56,0.55,0.55,0.54,0.56,0.56,0.61,0.62,0.65,0.66,0.68,0.72,0.75,0.79,0.82,0.87,0.91,0.95,0.98,1.04,1.09,1.12,1.15,1.2,1.21,1.23,1.22,1.23,1.2,1.2,1.19,1.19,1.16,1.17,1.16,1.15,1.14,1.12,1.11,1.08,1.06,0.82,1.03,1.27,1.45,1.52,1.77,2.2,2.42,2.78,3.03,3.43,3.7,3.99,4.37,4.54,4.47,4.81,4.58,4.35,3.75,2.9,2.16,1.83,2.1,2.32,2.71,2.97,3.28,3.49,3.68,3.79,3.83,3.83,3.76,3.65,3.54,3.46,3.26,3.17,2.99,2.87,2.73,2.53,2.45,2.27,2.14,2.04,1.94,1.85,1.73,1.66,1.6,1.53,1.49,1.38,1.28,1.16,1.04,0.94,0.8,0.7,0.65,0.56,0.55,0.51,0.46,0.5,0.49,0.53,0.56,0.55,0.59,0.64,0.66,0.73,0.75,0.8,0.88,0.91,0.93,3
0.55,0.57,0.56,0.58,0.61,0.65,0.7,0.71,0.75,0.77,0.81,0.8,0.85,0.93,0.91,1.01,1.01,1.02,1.1,1.18,1.03,0.96,0.9,0.84,0.88,0.91,0.96,1.03,1.08,1.14,1.17,1.25,1.27,1.3,1.29,1.27,1.24,1.17,1.11,1.07,0.98,0.91,0.84,0.77,0.71,0.65,0.61,0.58,0.55,0.53,0.52,0.52,0.51,0.51,0.51,0.51,0.52,0.52,0.52,0.52,0.54,0.55,0.58,0.62,0.64,0.68,0.72,0.76,0.8,0.85,0.87,0.9,0.93,0.94,0.94,0.96,0.97,0.96,0.93,0.93,0.78,0.81,1.1,1.05,1.27,1.6,1.81,2.07,2.48,2.76,3.04,3.6,4.07,4.57,4.81,4.81,4.81,4.81,4.81,4.61,3.78,2.64,2.2,2.17,2.39,2.71,2.89,3.05,3.24,3.31,3.37,3.38,3.39,3.46,3.48,3.42,3.45,3.5,3.53,3.51,3.5,3.42,3.33,3.17,3.06,2.9,2.77,2.67,2.54,2.42,2.33,2.21,2.12,2.03,1.9,1.84,1.71,1.67,1.51,1.38,1.27,1.15,1.02,0.97,0.82,0.77,0.66,0.59,0.58,0.55,0.52,0.55,0.59,0.65,0.72,0.71,0.79,0.8,0.82,0.87,3
0.69,0.62,0.58,0.55,0.54,0.59,0.65,0.75,0.81,0.93,0.98,1.15,1.26,1.32,1.44,1.55,1.66,1.69,1.81,1.84,1.95,2.11,2.36,2.55,2.66,2.62,2.58,2.47,2.37,2.22,2.08,1.97,1.82,1.72,1.58,1.48,1.36,1.27,1.17,1.07,0.98,0.89,0.79,0.72,0.66,0.61,0.57,0.55,0.53,0.53,0.55,0.67,0.73,0.86,0.96,1.1,1.2,1.29,1.34,1.33,1.3,1.2,1.08,0.9,0.75,0.66,0.66,0.91,1.27,1.83,2.43,3.16,3.9,4.57,4.77,4.77,4.77,4.77,4.77,4.77,2.02,1.88,1.8,1.74,1.47,1.25,1.09,1.3,1.36,1.52,2.05,2.52,3.2,3.6,4.11,4.62,4.72,4.81,4.81,4.81,4.81,4.81,4.81,4.27,3.48,2.83,2.09,1.59,1.34,1.14,1.1,1.11,1.11,1.09,1.09,1.08,1.09,1.09,1.09,1.0,0.96,0.93,0.91,0.92,0.92,0.95,0.95,1.01,1.12,1.25,1.47,1.59,1.79,2.0,2.12,2.33,2.51,2.68,2.87,3.01,3.21,3.36,3.5,3.61,3.55,3.5,3.41,3.22,3.02,2.66,2.35,1.95,1.48,1.11,1.06,1.12,1.3,1.47,1.63,1.8,3
0.58,0.59,0.62,0.66,0.66,0.72,0.79,0.82,0.86,0.87,0.87,0.85,0.79,0.81,0.79,0.78,0.83,0.84,0.83,0.95,0.84,0.83,0.76,0.81,0.84,0.7,0.72,0.66,0.64,0.62,0.63,0.61,0.64,0.65,0.65,0.67,0.67,0.67,0.68,0.69,0.68,0.68,0.67,0.65,0.65,0.63,0.64,0.64,0.66,0.65,0.62,0.6,0.61,0.59,0.59,0.57,0.56,0.56,0.55,0.55,0.54,0.54,0.53,0.53,0.54,0.53,0.53,0.52,0.53,0.52,0.52,0.52,0.51,0.52,0.52,0.52,0.53,0.52,0.52,0.51,0.79,0.92,0.93,0.87,0.9,1.2,1.28,1.55,1.68,1.99,2.27,2.56,3.14,3.45,3.54,3.82,4.27,4.81,4.81,4.81,4.81,4.81,4.81,4.81,4.61,3.62,2.66,2.53,2.54,2.74,2.91,3.17,3.31,3.47,3.5,3.46,3.35,3.26,3.14,3.03,2.97,2.89,2.78,2.69,2.61,2.52,2.39,2.28,2.24,2.05,1.95,1.84,1.74,1.66,1.54,1.44,1.34,1.25,1.2,1.09,1.05,0.94,0.88,0.85,0.81,0.74,0.66,0.64,0.61,0.57,0.53,0.53,0.49,0.46,0.47,0.47,0.5,0.45,0.51,0.55,3
0.51,0.51,0.51,0.51,0.51,0.51,0.53,0.53,0.53,0.53,0.53,0.63,0.59,0.57,0.58,0.57,0.55,0.61,0.63,0.6,0.62,0.61,0.61,0.59,0.57,0.56,0.54,0.53,0.52,0.52,0.51,0.54,0.53,0.54,0.54,0.53,0.53,0.55,0.53,0.53,0.54,0.54,0.54,0.54,0.56,0.55,0.55,0.54,0.53,0.55,0.54,0.56,0.55,0.56,0.55,0.55,0.55,0.55,0.54,0.55,0.55,0.54,0.56,0.55,0.57,0.55,0.55,0.56,0.55,0.55,0.56,0.55,0.55,0.54,0.54,0.54,0.54,0.54,0.54,0.53,0.74,0.81,1.07,1.08,1.19,1.17,1.67,1.98,2.38,2.79,3.32,3.59,3.94,4.33,4.81,4.81,4.81,4.81,4.81,4.81,4.81,3.45,2.55,2.15,2.16,2.13,2.23,2.26,2.28,2.34,2.29,2.23,2.17,2.1,2.04,2.02,1.94,1.88,1.78,1.77,1.62,1.54,1.44,1.37,1.27,1.25,1.2,1.15,1.13,1.09,1.04,1.01,0.98,0.93,0.94,0.92,0.89,0.87,0.88,0.85,0.83,0.79,0.78,0.76,0.75,0.74,0.77,0.76,0.74,0.75,0.72,0.71,0.69,0.76,0.74,0.74,0.68,0.66,0.64,0.65,3
0.57,0.57,0.59,0.58,0.58,0.57,0.57,0.57,0.57,0.58,0.59,0.58,0.58,0.59,0.58,0.58,0.58,0.57,0.6,0.56,0.55,0.67,0.65,0.86,0.96,0.91,0.81,0.83,0.74,0.67,0.67,0.61,0.58,0.55,0.54,0.54,0.53,0.54,0.54,0.55,0.58,0.56,0.59,0.59,0.59,0.6,0.59,0.66,0.63,0.65,0.67,0.65,0.66,0.62,0.61,0.58,0.57,0.58,0.57,0.66,0.63,0.6,0.59,0.59,0.57,0.58,0.55,0.55,0.54,0.53,0.53,0.53,0.53,0.54,0.54,0.54,0.53,0.53,0.54,0.53,0.71,0.7,0.68,0.7,0.7,0.79,0.81,0.82,1.04,1.14,1.54,1.9,2.41,2.71,3.22,3.63,4.45,4.81,4.81,4.81,4.81,4.81,4.81,4.81,4.81,4.01,2.66,2.11,1.89,1.92,2.0,2.17,2.18,2.2,2.19,2.22,2.02,1.89,1.88,1.58,1.68,1.55,1.28,1.48,1.46,1.61,1.56,1.56,1.73,1.84,1.74,1.67,1.55,1.27,1.09,1.09,1.04,1.09,1.11,1.17,1.24,1.3,1.39,1.39,1.44,1.5,1.51,1.53,1.56,1.55,1.58,1.64,1.67,1.63,1.64,1.62,1.64,1.61,1.53,1.53,3
0.62,0.61,0.6,0.59,0.58,0.57,0.56,0.55,0.54,0.53,0.53,0.53,0.54,0.54,0.53,0.53,0.53,0.53,0.52,0.52,0.53,0.53,0.53,0.56,0.57,0.76,0.95,0.96,0.95,0.85,0.86,0.81,0.76,0.71,0.65,0.62,0.59,0.56,0.55,0.54,0.53,0.52,0.52,0.52,0.52,0.52,0.53,0.53,0.52,0.52,0.52,0.52,0.52,0.52,0.52,0.52,0.54,0.53,0.53,0.52,0.52,0.52,0.52,0.52,0.52,0.53,0.53,0.53,0.53,0.52,0.52,0.52,0.51,0.51,0.51,0.51,0.51,0.52,0.51,0.51,0.78,0.74,0.7,0.74,0.69,0.75,0.74,0.75,0.78,0.96,1.16,1.42,1.92,2.22,2.8,3.33,3.81,4.07,4.43,4.33,4.75,4.81,4.81,4.81,4.54,4.81,4.81,4.55,3.85,2.86,2.09,1.55,1.32,1.28,1.3,1.39,1.44,1.45,1.51,1.57,1.68,1.67,1.71,1.74,1.73,1.74,1.72,1.79,1.79,1.76,1.72,1.68,1.64,1.58,1.59,1.58,1.58,1.55,1.53,1.44,1.43,1.39,1.28,1.23,1.2,1.16,1.09,1.02,1.07,0.94,0.88,0.86,0.81,0.76,0.78,0.76,0.71,0.71,0.67,0.65,3
0.51,0.51,0.51,0.51,0.51,0.51,0.51,0.52,0.51,0.51,0.51,0.51,0.54,0.53,0.52,0.54,0.54,0.53,0.56,0.54,0.54,0.53,0.59,0.57,0.63,0.67,0.78,0.82,0.76,0.79,0.76,0.73,0.69,0.63,0.61,0.58,0.55,0.57,0.55,0.56,0.56,0.63,0.63,0.68,0.73,0.78,0.86,0.92,1.01,1.08,1.17,1.2,1.29,1.32,1.38,1.45,1.5,1.53,1.57,1.57,1.61,1.63,1.64,1.67,1.67,1.69,1.67,1.64,1.62,1.55,1.5,1.41,1.33,1.24,1.17,1.07,0.93,0.86,0.76,0.67,0.74,0.7,0.75,0.74,0.73,0.77,0.81,0.78,0.88,1.3,1.35,1.56,1.76,2.1,2.52,3.12,3.49,3.91,4.17,4.35,4.78,4.81,4.81,4.81,4.81,4.81,4.62,4.03,2.97,2.04,1.66,1.41,1.32,1.27,1.25,1.27,1.31,1.38,1.38,1.48,1.54,1.56,1.65,1.63,1.69,1.75,1.85,1.94,2.11,2.32,2.61,2.8,3.0,3.2,3.26,3.36,3.47,3.43,3.42,3.41,3.35,3.32,3.24,3.16,3.08,3.02,3.0,2.89,2.87,2.76,2.67,2.61,2.52,2.49,2.41,2.32,2.27,2.16,2.07,1.97,3
0.51,0.51,0.51,0.51,0.51,0.51,0.55,0.53,0.54,0.55,0.58,0.58,0.71,0.78,0.72,0.81,0.75,0.71,0.67,0.62,0.59,0.56,0.55,0.54,0.54,0.53,0.53,0.52,0.52,0.52,0.51,0.52,0.51,0.52,0.52,0.52,0.52,0.51,0.51,0.54,0.53,0.52,0.52,0.52,0.52,0.52,0.52,0.52,0.55,0.54,0.55,0.53,0.52,0.52,0.52,0.52,0.52,0.52,0.52,0.51,0.53,0.52,0.52,0.51,0.52,0.52,0.51,0.53,0.53,0.53,0.52,0.52,0.51,0.51,0.51,0.51,0.51,0.52,0.51,0.51,0.73,0.83,0.86,1.0,1.21,1.61,1.89,2.39,2.86,3.36,3.76,4.14,4.3,4.41,4.18,3.3,2.43,1.88,1.64,1.71,1.76,1.83,1.87,1.88,1.91,1.86,1.76,1.74,1.66,1.55,1.48,1.42,1.34,1.3,1.2,1.13,1.09,1.01,0.96,0.97,0.91,0.87,0.81,0.8,0.76,0.74,0.76,0.7,0.67,0.7,0.69,0.65,0.67,0.67,0.68,0.63,0.61,0.63,0.62,0.59,0.59,0.58,0.62,0.59,0.56,0.6,0.53,0.52,0.54,0.53,0.54,0.52,0.48,0.49,0.52,0.53,0.47,0.49,0.5,0.48,3
0.82,0.79,0.77,0.78,0.74,0.74,0.77,0.72,0.71,0.72,0.74,0.74,0.72,0.7,0.66,0.64,0.62,0.6,0.58,0.56,0.55,0.54,0.55,0.55,0.59,0.65,0.71,0.88,0.88,1.05,1.41,1.49,1.42,1.46,1.41,1.37,1.33,1.28,1.16,1.1,1.01,0.97,0.88,0.82,0.77,0.74,0.69,0.65,0.61,0.59,0.6,0.57,0.55,0.55,0.53,0.52,0.52,0.52,0.53,0.52,0.53,0.53,0.54,0.55,0.56,0.58,0.59,0.63,0.66,0.69,0.75,0.77,0.81,0.79,0.76,0.68,0.64,0.61,0.57,0.55,2.27,2.35,2.35,2.38,2.39,2.38,2.37,2.34,2.37,2.43,2.19,1.88,1.92,2.0,2.11,2.69,2.78,2.95,3.26,3.69,4.12,4.06,4.55,4.51,4.13,3.85,4.03,3.72,3.22,3.06,2.61,1.97,1.69,1.74,1.95,2.18,2.36,2.52,2.61,2.72,2.79,2.81,2.86,2.75,2.74,2.64,2.59,2.52,2.39,2.33,2.17,2.12,2.19,2.06,2.06,1.97,1.96,1.96,1.9,1.92,1.87,1.94,1.93,2.03,2.02,2.14,2.12,2.21,2.33,2.38,2.44,2.56,2.65,2.73,2.82,2.84,2.85,2.87,2.92,2.94,3
0.51,0.51,0.51,0.51,0.51,0.51,0.5,0.51,0.51,0.51,0.53,0.54,0.55,0.57,0.55,0.54,0.56,0.54,0.54,0.55,0.66,0.68,0.69,0.7,0.65,0.64,0.65,0.6,0.58,0.57,0.55,0.54,0.53,0.53,0.52,0.52,0.52,0.52,0.52,0.52,0.52,0.53,0.53,0.52,0.52,0.51,0.52,0.52,0.51,0.52,0.52,0.53,0.56,0.59,0.61,0.61,0.62,0.63,0.61,0.59,0.62,0.6,0.64,0.59,0.7,0.63,0.59,0.58,0.55,0.55,0.54,0.52,0.52,0.52,0.51,0.51,0.51,0.51,0.51,0.51,1.16,1.21,1.26,1.28,1.4,1.5,1.44,1.59,1.72,1.8,2.24,2.54,2.8,3.21,3.39,3.71,3.68,3.79,3.9,4.14,4.02,3.93,3.65,3.08,2.5,1.97,1.48,1.1,0.93,0.85,0.79,0.8,0.74,0.76,0.75,0.76,0.74,0.67,0.63,0.62,0.58,0.55,0.5,0.47,0.59,0.55,0.62,0.57,0.63,0.64,0.8,0.81,1.07,1.42,1.42,1.77,2.05,2.35,2.35,2.44,2.76,2.75,2.87,2.92,2.6,2.24,1.68,1.27,1.1,0.95,1.02,1.11,1.27,1.37,1.54,1.58,1.66,1.73,1.74,1.75,3
0.51,0.51,0.51,0.52,0.53,0.52,0.53,0.52,0.53,0.53,0.56,0.54,0.53,0.57,0.62,0.58,0.6,0.67,0.7,0.66,0.71,0.69,0.84,0.82,0.73,0.69,0.65,0.62,0.58,0.57,0.55,0.54,0.53,0.52,0.52,0.52,0.52,0.51,0.51,0.51,0.51,0.53,0.54,0.53,0.53,0.53,0.53,0.53,0.55,0.54,0.54,0.53,0.53,0.55,0.53,0.53,0.52,0.52,0.54,0.54,0.54,0.53,0.53,0.53,0.54,0.52,0.54,0.53,0.52,0.52,0.52,0.53,0.53,0.52,0.53,0.52,0.53,0.53,0.52,0.53,0.87,1.09,1.24,1.45,1.84,2.38,2.63,2.86,3.14,3.28,3.48,3.49,3.45,3.3,3.35,3.5,3.53,3.24,3.78,3.5,3.4,3.3,2.93,2.44,1.85,1.43,1.52,1.71,1.89,2.03,2.1,2.12,2.15,2.12,2.03,1.94,1.89,1.79,1.77,1.63,1.6,1.52,1.44,1.42,1.38,1.3,1.26,1.19,1.13,1.07,1.07,0.98,0.93,0.96,0.87,0.86,0.82,0.8,0.75,0.74,0.72,0.69,0.66,0.66,0.68,0.61,0.61,0.61,0.58,0.63,0.61,0.59,0.59,0.61,0.61,0.64,0.64,0.64,0.7,0.66,3
0.87,0.92,0.95,0.97,1.01,1.08,1.11,1.11,1.15,1.09,1.09,1.04,0.99,0.91,0.87,0.77,0.82,0.84,0.87,0.99,0.97,0.97,1.21,1.41,1.5,1.65,1.69,1.64,1.62,1.57,1.54,1.44,1.4,1.34,1.25,1.16,1.05,1.02,0.93,0.87,0.8,0.74,0.68,0.64,0.59,0.57,0.55,0.54,0.53,0.53,0.52,0.52,0.51,0.51,0.51,0.51,0.51,0.52,0.52,0.54,0.54,0.59,0.6,0.59,0.6,0.59,0.59,0.58,0.58,0.58,0.57,0.57,0.57,0.56,0.57,0.58,0.58,0.62,0.63,0.64,0.62,0.51,0.55,0.62,0.69,0.88,1.1,1.65,1.96,1.99,2.52,2.92,3.43,3.86,4.14,4.59,4.71,4.69,4.81,4.71,4.52,4.32,4.21,3.92,3.54,3.31,2.91,2.59,2.2,1.92,1.66,1.41,1.23,1.09,0.96,0.91,0.87,0.83,0.81,0.76,0.75,0.71,0.65,0.65,0.57,0.53,0.49,0.49,0.47,0.43,0.43,0.46,0.45,0.46,0.5,0.5,0.52,0.55,0.58,0.58,0.63,0.62,0.62,0.59,0.57,0.6,0.6,0.57,0.58,0.56,0.55,0.61,0.58,0.62,0.65,0.67,0.71,0.72,0.72,0.75,3
0.51,0.51,0.51,0.52,0.54,0.54,0.53,0.57,0.57,0.56,0.57,0.55,0.54,0.67,0.66,0.63,0.68,0.68,0.72,0.68,0.64,0.62,0.59,0.56,0.56,0.54,0.53,0.52,0.52,0.52,0.52,0.51,0.51,0.51,0.51,0.51,0.51,0.51,0.51,0.51,0.51,0.51,0.51,0.51,0.51,0.51,0.51,0.5,0.51,0.51,0.51,0.51,0.51,0.51,0.51,0.51,0.51,0.51,0.51,0.51,0.51,0.51,0.51,0.51,0.51,0.51,0.52,0.52,0.52,0.52,0.52,0.52,0.52,0.52,0.52,0.52,0.52,0.52,0.53,0.54,0.88,0.89,0.98,1.14,1.63,1.86,1.9,2.26,2.39,2.66,2.99,3.21,3.35,3.31,3.21,3.18,2.7,2.3,1.76,1.28,1.04,1.09,1.12,1.21,1.27,1.32,1.37,1.4,1.44,1.46,1.47,1.5,1.51,1.52,1.49,1.47,1.44,1.38,1.34,1.3,1.25,1.18,1.16,1.1,1.07,1.03,0.99,0.92,0.9,0.88,0.87,0.86,0.85,0.84,0.84,0.83,0.81,0.81,0.83,0.82,0.81,0.81,0.81,0.8,0.8,0.78,0.79,0.78,0.79,0.78,0.8,0.76,0.76,0.75,0.74,0.71,0.72,0.7,0.71,0.69,3
0.51,0.51,0.51,0.51,0.51,0.51,0.51,0.51,0.54,0.53,0.52,0.52,0.52,0.7,0.71,0.72,0.73,0.73,0.74,0.72,0.68,0.72,0.67,0.63,0.61,0.58,0.55,0.54,0.53,0.52,0.52,0.52,0.51,0.51,0.51,0.51,0.51,0.51,0.51,0.51,0.51,0.51,0.51,0.51,0.51,0.51,0.51,0.51,0.51,0.51,0.51,0.51,0.51,0.51,0.51,0.51,0.51,0.51,0.51,0.51,0.51,0.51,0.51,0.51,0.51,0.51,0.5,0.51,0.51,0.51,0.51,0.51,0.51,0.51,0.51,0.52,0.51,0.51,0.52,0.52,0.75,0.87,1.16,1.33,1.55,2.02,2.35,2.81,3.46,3.83,4.07,4.49,4.79,4.81,4.78,4.66,3.99,3.08,2.26,1.65,1.38,1.25,1.16,1.13,1.11,1.15,1.09,1.07,1.06,1.06,1.01,1.01,1.02,1.02,1.05,1.09,1.14,1.16,1.16,1.14,1.14,1.11,1.13,1.14,1.09,1.07,1.08,1.08,1.09,1.09,1.1,1.09,1.11,1.1,1.14,1.14,1.15,1.17,1.19,1.22,1.23,1.24,1.26,1.3,1.31,1.33,1.35,1.37,1.36,1.38,1.39,1.37,1.35,1.36,1.32,1.31,1.29,1.24,1.22,1.19,3
0.65,0.7,0.74,0.79,0.86,0.84,0.86,0.88,0.83,0.82,0.77,0.81,0.76,0.8,0.74,0.69,0.68,0.81,0.82,0.75,0.71,0.69,0.68,0.67,0.64,0.6,0.57,0.57,0.55,0.54,0.53,0.52,0.52,0.51,0.52,0.51,0.51,0.51,0.51,0.51,0.51,0.51,0.51,0.53,0.52,0.52,0.52,0.53,0.53,0.54,0.53,0.52,0.53,0.52,0.52,0.52,0.52,0.52,0.52,0.51,0.52,0.52,0.55,0.56,0.57,0.61,0.62,0.66,0.68,0.73,0.77,0.86,0.89,0.97,1.05,1.12,1.18,1.28,1.35,1.4,0.84,1.15,1.31,1.41,1.6,1.98,2.36,2.64,3.21,3.5,3.99,4.15,4.61,4.78,4.81,4.81,4.81,4.79,4.62,3.7,2.67,1.96,1.71,1.74,1.77,1.79,1.87,1.85,1.83,1.79,1.79,1.75,1.73,1.67,1.62,1.56,1.53,1.53,1.56,1.58,1.56,1.54,1.49,1.45,1.41,1.34,1.31,1.29,1.24,1.23,1.13,1.11,1.1,1.02,1.0,0.95,0.95,0.92,0.92,0.88,0.89,0.91,0.93,0.96,0.97,0.99,1.0,1.02,1.06,1.06,1.08,1.1,1.15,1.17,1.2,1.24,1.24,1.3,1.35,1.37,3
